$MeshFormat
2.2 0 8
$EndMeshFormat
$PhysicalNames
3
1 3 "innerwall"
1 4 "outerwall"
2 5 "fluid"
$EndPhysicalNames
$Nodes
1247
1 1 0 0
2 2 0 0
3 0.9950307753654014 0.09956784659581641 0
4 0.9801724878485439 0.1981461431993971 0
5 0.955572805786141 0.2947551744109034 0
6 0.9214762118704081 0.3884347962746937 0
7 0.8782215733702291 0.4782539786213171 0
8 0.8262387743159958 0.5633200580636207 0
9 0.7660444431189791 0.642787609686538 0
10 0.6982368180860742 0.7158668492597171 0
11 0.6234898018587353 0.7818314824680284 0
12 0.5425462638657613 0.8400259231507702 0
13 0.4562106573531652 0.8898718088114674 0
14 0.3653410243663976 0.9308737486442032 0
15 0.2708404681430079 0.9626242469500113 0
16 0.1736481776669335 0.9848077530122075 0
17 0.07473009358642749 0.9972037971811799 0
18 -0.02493069173806936 0.9996891820008164 0
19 -0.1243437046474812 0.9922392066001726 0
20 -0.22252093395631 0.9749279121818246 0
21 -0.3184866502516801 0.9479273461671333 0
22 -0.4112871031306069 0.9115058523116752 0
23 -0.4999999999999956 0.8660254037844412 0
24 -0.5837436722347853 0.8119380057158597 0
25 -0.6616858375968552 0.7497812029677379 0
26 -0.7330518718298221 0.6801727377709239 0
27 -0.797132507222919 0.6038044103254819 0
28 -0.8532908816321524 0.5214352033795034 0
29 -0.9009688679024164 0.4338837391175638 0
30 -0.9396926207859061 0.3420201433256752 0
31 -0.9690772862290763 0.2467573976903003 0
32 -0.9888308262251275 0.1490422661761813 0
33 -0.998756921218922 0.04984588566070414 0
34 -0.9987569212189228 -0.0498458856606897 0
35 -0.9888308262251297 -0.1490422661761666 0
36 -0.96907728622908 -0.2467573976902858 0
37 -0.939692620785911 -0.3420201433256616 0
38 -0.9009688679024225 -0.4338837391175512 0
39 -0.8532908816321595 -0.5214352033794919 0
40 -0.7971325072229264 -0.6038044103254722 0
41 -0.7330518718298308 -0.6801727377709146 0
42 -0.6616858375968644 -0.7497812029677299 0
43 -0.5837436722347948 -0.8119380057158528 0
44 -0.500000000000005 -0.8660254037844357 0
45 -0.4112871031306164 -0.9115058523116709 0
46 -0.3184866502516892 -0.9479273461671301 0
47 -0.2225209339563189 -0.9749279121818226 0
48 -0.1243437046474902 -0.9922392066001714 0
49 -0.0249306917380776 -0.9996891820008161 0
50 0.07473009358641994 -0.9972037971811805 0
51 0.1736481776669265 -0.9848077530122088 0
52 0.2708404681430008 -0.9626242469500133 0
53 0.3653410243663913 -0.9308737486442057 0
54 0.4562106573531597 -0.8898718088114703 0
55 0.5425462638657567 -0.8400259231507732 0
56 0.6234898018587313 -0.7818314824680316 0
57 0.6982368180860711 -0.7158668492597202 0
58 0.7660444431189761 -0.6427876096865416 0
59 0.8262387743159935 -0.5633200580636242 0
60 0.8782215733702274 -0.4782539786213201 0
61 0.9214762118704073 -0.3884347962746956 0
62 0.9555728057861406 -0.2947551744109047 0
63 0.9801724878485438 -0.1981461431993977 0
64 0.9950307753654013 -0.09956784659581729 0
65 1.997513842437845 0.09969177132139408 0
66 1.990061550730803 0.1991356931916328 0
67 1.977661652450257 0.2980845323523481 0
68 1.960344975697088 0.3962922863987942 0
69 1.938154572458156 0.4935147953805861 0
70 1.911145611572282 0.5895103488218069 0
71 1.879385241571817 0.6840402866513358 0
72 1.842952423740816 0.7768695925493875 0
73 1.801937735804839 0.8677674782351141 0
74 1.756443146740458 0.9565079572426342 0
75 1.706581763264313 1.042870406758994 0
76 1.652477548631992 1.126640116127241 0
77 1.594265014445847 1.207608820650952 0
78 1.532088886237958 1.285575219373076 0
79 1.466103743659655 1.360345475541836 0
80 1.396473636172148 1.431733698519434 0
81 1.323371675193722 1.499562405935466 0
82 1.246979603717471 1.563662964936057 0
83 1.167487344469583 1.623876011431711 0
84 1.085092527731523 1.68005184630154 0
85 1.000000000000004 1.732050807568875 0
86 0.9124213147063305 1.779743617622935 0
87 0.8225742062612282 1.823011704623344 0
88 0.7306820487327953 1.861747497288406 0
89 0.6369733005033743 1.895854692334262 0
90 0.5416809362860159 1.925248493900023 0
91 0.4450418679126349 1.949855824363646 0
92 0.347296355333867 1.969615506024415 0
93 0.2486874092949767 1.984478413200343 0
94 0.149460187172855 1.99440759436236 0
95 0.04986138347615229 1.999378364001632 0
96 -0.04986138347613872 1.999378364001633 0
97 -0.149460187172841 1.994407594362361 0
98 -0.2486874092949624 1.984478413200345 0
99 -0.3472963553338523 1.969615506024418 0
100 -0.44504186791262 1.949855824363649 0
101 -0.5416809362860011 1.925248493900027 0
102 -0.6369733005033602 1.895854692334267 0
103 -0.7306820487327811 1.861747497288412 0
104 -0.8225742062612138 1.82301170462335 0
105 -0.9124213147063165 1.779743617622942 0
106 -0.9999999999999911 1.732050807568882 0
107 -1.08509252773151 1.680051846301549 0
108 -1.167487344469571 1.623876011431719 0
109 -1.246979603717458 1.563662964936067 0
110 -1.32337167519371 1.499562405935476 0
111 -1.396473636172137 1.431733698519445 0
112 -1.466103743659644 1.360345475541848 0
113 -1.532088886237948 1.285575219373088 0
114 -1.594265014445838 1.207608820650964 0
115 -1.652477548631983 1.126640116127254 0
116 -1.706581763264305 1.042870406759007 0
117 -1.756443146740451 0.9565079572426479 0
118 -1.801937735804833 0.8677674782351277 0
119 -1.84295242374081 0.7768695925494016 0
120 -1.879385241571812 0.6840402866513503 0
121 -1.911145611572278 0.5895103488218211 0
122 -1.938154572458153 0.4935147953806006 0
123 -1.960344975697085 0.3962922863988083 0
124 -1.977661652450255 0.2980845323523626 0
125 -1.990061550730801 0.1991356931916476 0
126 -1.997513842437844 0.09969177132140827 0
127 -2 1.445578407503147e-14 0
128 -1.997513842437846 -0.09969177132137939 0
129 -1.990061550730804 -0.1991356931916179 0
130 -1.977661652450259 -0.2980845323523331 0
131 -1.960344975697091 -0.3962922863987791 0
132 -1.93815457245816 -0.4935147953805717 0
133 -1.911145611572286 -0.5895103488217934 0
134 -1.879385241571822 -0.6840402866513231 0
135 -1.842952423740821 -0.7768695925493749 0
136 -1.801937735804845 -0.8677674782351024 0
137 -1.756443146740464 -0.9565079572426233 0
138 -1.706581763264319 -1.042870406758984 0
139 -1.652477548631997 -1.126640116127233 0
140 -1.594265014445853 -1.207608820650944 0
141 -1.532088886237965 -1.285575219373068 0
142 -1.466103743659662 -1.360345475541829 0
143 -1.396473636172155 -1.431733698519428 0
144 -1.323371675193729 -1.49956240593546 0
145 -1.246979603717477 -1.563662964936052 0
146 -1.16748734446959 -1.623876011431706 0
147 -1.085092527731529 -1.680051846301536 0
148 -1.00000000000001 -1.732050807568871 0
149 -0.9124213147063359 -1.779743617622932 0
150 -0.8225742062612329 -1.823011704623342 0
151 -0.7306820487327997 -1.861747497288405 0
152 -0.6369733005033783 -1.89585469233426 0
153 -0.5416809362860195 -1.925248493900022 0
154 -0.4450418679126378 -1.949855824363645 0
155 -0.3472963553338712 -1.969615506024414 0
156 -0.2486874092949805 -1.984478413200343 0
157 -0.1494601871728583 -1.99440759436236 0
158 -0.04986138347615519 -1.999378364001632 0
159 0.0498613834761367 -1.999378364001633 0
160 0.1494601871728399 -1.994407594362361 0
161 0.2486874092949639 -1.984478413200345 0
162 0.3472963553338529 -1.969615506024418 0
163 0.4450418679126215 -1.949855824363649 0
164 0.5416809362860017 -1.925248493900027 0
165 0.6369733005033608 -1.895854692334266 0
166 0.7306820487327825 -1.861747497288411 0
167 0.822574206261216 -1.823011704623349 0
168 0.9124213147063194 -1.779743617622941 0
169 0.999999999999994 -1.732050807568881 0
170 1.085092527731513 -1.680051846301546 0
171 1.167487344469575 -1.623876011431717 0
172 1.246979603717463 -1.563662964936063 0
173 1.323371675193715 -1.499562405935472 0
174 1.396473636172142 -1.43173369851944 0
175 1.466103743659648 -1.360345475541843 0
176 1.532088886237952 -1.285575219373083 0
177 1.594265014445842 -1.207608820650959 0
178 1.652477548631987 -1.126640116127248 0
179 1.706581763264309 -1.042870406759 0
180 1.756443146740455 -0.9565079572426403 0
181 1.801937735804837 -0.8677674782351199 0
182 1.842952423740815 -0.7768695925493911 0
183 1.879385241571816 -0.6840402866513389 0
184 1.911145611572281 -0.5895103488218094 0
185 1.938154572458156 -0.4935147953805879 0
186 1.960344975697088 -0.3962922863987954 0
187 1.977661652450257 -0.2980845323523506 0
188 1.990061550730803 -0.1991356931916346 0
189 1.997513842437845 -0.0996917713213952 0
190 1.075842259585516 -0.1551544534648621 0
191 0.2333997418572216 -1.06638631476989 0
192 -0.1952758220826844 -1.061753221769287 0
193 0.786173225725426 -0.7371944291595971 0
194 -0.5840495112829499 0.9222480280562076 0
195 -0.8946864118836394 0.6245075813616517 0
196 -0.07509911960935171 1.080758065169278 0
197 -1.078530290442143 -0.1051270261992178 0
198 0.9258995596404928 0.5658054428832566 0
199 0.7191141012341254 0.8106504411855687 0
200 1.046825449787674 0.2675088566463028 0
201 0.4488382992379084 0.9875950443005999 0
202 -1.035180150366255 0.3185575624911579 0
203 -0.831903371645798 -0.6944177694784055 0
204 -0.9996274574858802 -0.4183588883364928 0
205 -0.590261010539323 -0.9087745399155136 0
206 0.9776345862796403 -0.4708040032206757 0
207 0.5436565076040725 -0.9377958363557322 0
208 -0.6737863226121682 1.805212428148361 0
209 0.3850985262665761 1.873160557630851 0
210 -1.375192791495653 1.337453225239263 0
211 -1.918362243597841 0.1532870770191144 0
212 1.918654187680558 0.04457367014210585 0
213 -0.6576206413474022 -1.801031411094384 0
214 0.1073339412886554 -1.91477622726953 0
215 -1.709702543815359 0.8778914396747521 0
216 1.077640236024481 1.580607924431302 0
217 1.778485032406794 0.7012866340230213 0
218 1.437464875070587 1.256107087118605 0
219 -1.29872040376968 -1.408748265443439 0
220 -1.865052611479733 -0.4256860879645407 0
221 0.6667884749253341 -1.783749448808384 0
222 1.555198923573543 -1.113763006363824 0
223 1.839356718127166 -0.5242927574926026 0
224 1.221875631745782 -1.46640223914885 0
225 -1.607039725565061 -1.035985010380794 0
226 0.004543323438261409 1.912390687811161 0
227 -1.012340800721374 1.63569663049313 0
228 -0.2901872929702622 -1.89936274571605 0
229 -1.837226604670552 0.5238946731505595 0
230 0.7485074372742746 1.761420084753367 0
231 -0.9975138424378539 -1.632359036247477 0
232 -0.3790567253343171 1.875085568194889 0
233 -1.780776295532932 -0.698903193827252 0
234 1.65490262703653 0.9692113121890942 0
235 1.703955973183994 -0.8718048462220442 0
236 1.866943442236704 0.4225877055013798 0
237 -1.561219252733177 1.120568260251489 0
238 0.996453621706397 -1.635849375172136 0
239 1.906192661310214 -0.250493898530974 0
240 0.3807022473340182 -1.875090536747284 0
241 -1.917854181445065 -0.1437419922254014 0
242 0.02979722443244114 -1.083232023673401 0
243 -0.7512229909437698 0.7637171389410201 0
244 0.1319828652743863 1.075574173584789 0
245 -0.3933075730208273 -1.009746820323625 0
246 -0.3963512412626593 1.010008342188625 0
247 1.08374367223479 0.05408739806858211 0
248 -1.078979141486763 0.1067214707155803 0
249 0.1836332013564843 1.904651840190352 0
250 -0.8367213580120992 1.72493303723695 0
251 0.9149074722684856 1.680051846301541 0
252 0.5682993672523909 1.834331338822444 0
253 -0.472050828798512 -1.853860270922424 0
254 -1.144756693851977 1.540991343896538 0
255 1.227537406987151 1.471477895653078 0
256 -1.782404035490873 0.7018628740290445 0
257 -1.495656068406963 -1.192745913475017 0
258 1.419491313789339 -1.26444000803502 0
259 -1.155087446189043 -1.52492717227099 0
260 0.8430444786561549 -1.728727748843786 0
261 1.777863278500704 -0.6837515217087411 0
262 -0.1028757456557762 -1.912972017534783 0
263 1.903461485171751 0.2385181078720201 0
264 -1.892697619542985 0.3144450337456424 0
265 -0.8300264979682741 -1.723567782753102 0
266 1.549151821857582 1.112395220068898 0
267 -1.697093178918957 -0.8773039952621867 0
268 -0.1926314996006595 1.905390450496638 0
269 1.083684516355482 -0.05031566295163062 0
270 1.172123086977201 -0.001183159242912202 0
271 1.173906942330643 0.09935008183855548 0
272 1.259393130368365 0.0473554124820315 0
273 1.26152590376336 0.1471355878216352 0
274 1.346763336058348 0.09532377923870845 0
275 1.344590475381349 -0.004272776590116374 0
276 1.348971519522671 0.1950234630379573 0
277 1.434181965404862 0.1432439768903548 0
278 1.436398652007542 0.2429216334069138 0
279 1.351190856239902 0.2946996009743377 0
280 1.43861924344692 0.3426012344032532 0
281 1.353403521558677 0.3943658537488723 0
282 1.440838903494762 0.4422789100836669 0
283 1.355622825452115 0.4940446352452428 0
284 1.443060574864825 0.5419608980864895 0
285 1.357843518016494 0.5937265708929422 0
286 1.521613154953847 0.1911543539716303 0
287 1.519392858415359 0.09147487418049914 0
288 1.445283423521197 0.6416430607298609 0
289 1.360064862185228 0.6934098439474491 0
290 1.273193457787616 0.6464259756658155 0
291 1.274941328363024 0.7453308745372844 0
292 1.362301792805005 0.793119995018451 0
293 1.277085239930044 0.8448889228289229 0
294 1.189647627989393 0.7969709232720672 0
295 1.191854587838678 0.8966327396138588 0
296 1.104415880818543 0.8487106774315957 0
297 1.106632362450648 0.9483890518682776 0
298 1.194069003770078 0.9963080004744829 0
299 1.108849685863331 1.048070193352572 0
300 1.021412540090868 1.000150116728695 0
301 1.023629957325828 1.099832032923087 0
302 0.9380617163450994 1.054988158945928 0
303 0.9387231442309326 1.152107011234746 0
304 0.850805168422324 1.111730951414529 0
305 0.8532174386444584 1.204784667615754 0
306 0.7633316282640826 1.161400148732092 0
307 0.7675757851833965 1.256350197321711 0
308 0.6800691093397636 1.208398543372425 0
309 0.6827587891057312 1.306880215474647 0
310 0.5952442043242852 1.259161214700242 0
311 0.5975283132761203 1.358675928612651 0
312 0.510089766146791 1.310762191482117 0
313 0.5123212988435127 1.410411004363031 0
314 0.4248839777454463 1.362492946348563 0
315 0.4271049732503298 1.462169222969034 0
316 0.3396676910142437 1.414249253563658 0
317 0.3418868190580776 1.513931103443769 0
318 0.2544487460862286 1.466010720321461 0
319 0.6849741194295693 1.406567707683097 0
320 0.9406304464835734 1.251277023357835 0
321 0.2566672603975906 1.565694895766398 0
322 0.1692292816515364 1.517773378212098 0
323 0.156438470617284 1.412391181411875 0
324 0.07715238080781697 1.474151933365206 0
325 0.08323611581343826 1.57025215539522 0
326 -0.004330254226006504 1.522449824046496 0
327 -0.01016025962663857 1.429339732207218 0
328 -0.09176807481542902 1.47506574374092 0
329 -0.08864887861442926 1.573375180099573 0
330 -0.1762364033235814 1.525681237184856 0
331 -0.1784773444085127 1.426036173775436 0
332 -0.2635764886799709 1.477611632613909 0
333 -0.2657755993753943 1.377905071415914 0
334 -0.3509733583726622 1.429629550730928 0
335 -0.348754627698197 1.529307417885749 0
336 -0.4361838455261032 1.481372280013477 0
337 -0.438397115075624 1.381687261439716 0
338 -0.5236165120604548 1.433442988310275 0
339 -0.5263811908603881 1.334764030043766 0
340 -0.6111426591596004 1.385684713514184 0
341 -0.6139229596913108 1.287034655724965 0
342 -0.6986105029363803 1.337820798969589 0
343 -0.7008302572480486 1.238148262663956 0
344 -0.7859628913941303 1.289746542594018 0
345 -0.7896855563791291 1.192815968228929 0
346 -0.8736208620339488 1.242229616117409 0
347 -0.8773944261611633 1.145391648402645 0
348 -0.9611389260514992 1.1944568080055 0
349 -0.9633674529967559 1.094798568900462 0
350 -1.048344699527545 1.146113144441707 0
351 -1.050521093669537 1.046359216466957 0
352 -1.135695860314925 1.098033114381193 0
353 -1.137894999977613 0.9983229985841762 0
354 -1.052672044157185 0.9465597804292621 0
355 -1.140091036779664 0.8986077638800496 0
356 -1.22531502542904 0.9503699713275175 0
357 -1.227525312183611 0.8506798632430377 0
358 -1.312748384907505 0.902439264108218 0
359 -1.31496026040114 0.8027534242236896 0
360 -1.229738017203186 0.7509945019565308 0
361 -1.317172111428355 0.7030687095014346 0
362 -1.231950227839466 0.6513123395969188 0
363 -1.319383635441098 0.6033862526677302 0
364 -1.404606120236499 0.6551428324673447 0
365 -1.406817561828875 0.5554593130025699 0
366 -1.32159515425054 0.5037032907693624 0
367 -1.40902835190259 0.4557762788908346 0
368 -1.32380644365357 0.4040204282052212 0
369 -1.411239258306651 0.3560936634456832 0
370 -1.496462237453943 0.4078495462398746 0
371 -1.4986722655552 0.3081658346922666 0
372 -1.413448470043281 0.2564102401117905 0
373 -1.500881844493792 0.2084823123629035 0
374 -1.417722970124082 0.1567728538342116 0
375 -1.50343550451994 0.1088068721477454 0
376 -1.42033420722721 0.0570988564276808 0
377 -1.505769386057426 0.009126830352381595 0
378 -1.422111999509629 -0.04259346353168878 0
379 -1.50792778908023 -0.09055706910205548 0
380 -1.42450764097609 -0.1422721417836242 0
381 -1.510160023094865 -0.1902395174442519 0
382 -1.426095266424585 -0.2419690439109687 0
383 -1.512269928742166 -0.2899250180282968 0
384 -1.42702965832551 -0.3416810532100677 0
385 -1.514250702198335 -0.3896139118681304 0
386 -1.42898828769922 -0.4413707688738985 0
387 -1.32953927076541 -0.294060596139617 0
388 -1.516380855227091 -0.4893005150479997 0
389 -1.431142543985907 -0.5410560822653228 0
390 -1.344475322838072 -0.4943926785980258 0
391 -1.346034313914559 -0.5930221952708938 0
392 -1.433359090445319 -0.6407758901393527 0
393 -1.348135563571182 -0.6925361697224565 0
394 -1.261550715373933 -0.6447986127794042 0
395 -1.263160025934127 -0.744501809288863 0
396 -1.350367298094632 -0.7922287756427948 0
397 -1.265145521622134 -0.8439831982318584 0
398 -1.181153784123616 -0.796209296337285 0
399 -1.180456389541336 -0.8957290156636453 0
400 1.52827688691898 0.4901932348458329 0
401 -1.592773060760917 -0.03881053665560213 0
402 1.111067862987481 1.147753933101041 0
403 -1.267404853939196 -0.9436330663270418 0
404 -1.182187530700977 -0.9953799580912692 0
405 -1.09475685008259 -0.9474474568339144 0
406 -1.096844410631231 -1.04712197678051 0
407 -1.009433454466965 -0.9991916457432408 0
408 -1.011622074541901 -1.098873387429963 0
409 -0.9241926665914301 -1.050942006381263 0
410 -0.9263935158503515 -1.150624098388534 0
411 -0.8421236360618999 -1.104732756881804 0
412 -0.8416957933013436 -1.202714845920054 0
413 -0.7473137334668346 -1.143894873314816 0
414 -0.7549617682176238 -1.252424040856078 0
415 -0.6685154122998986 -1.206194444804508 0
416 -0.670556983247829 -1.30559261451418 0
417 -0.5852202583973495 -1.261119551263799 0
418 -0.5857908788681482 -1.358108816637669 0
419 -0.5012522442427937 -1.314940703078172 0
420 -0.5008522143052297 -1.410332455117403 0
421 -0.4143282822660409 -1.363893899227236 0
422 -0.4153918113160338 -1.46169639362906 0
423 -0.3279215912577467 -1.413700264864087 0
424 -0.329930182932093 -1.51305959651962 0
425 -0.242459063194142 -1.465062793521076 0
426 -0.2446252010868996 -1.564682414592601 0
427 -0.1571801644419804 -1.516728078764793 0
428 -0.1521625756390662 -1.422166925386829 0
429 -0.06926896576065648 -1.469630999689403 0
430 -0.07186192361673878 -1.568601182339506 0
431 0.01558440547309252 -1.520687516314186 0
432 -0.7579593633578938 -1.353477495929864 0
433 0.01632484133089894 -1.423421539755376 0
434 0.1027121957578372 -1.473044061204753 0
435 0.1007016727649121 -1.572374539745401 0
436 0.1881143844885986 -1.524429033720367 0
437 0.1903146876253706 -1.424743031582751 0
438 0.275583691559219 -1.476399968004481 0
439 0.2801322947296772 -1.381024273869878 0
440 0.3634035860915937 -1.429183499587507 0
441 0.3652150739269863 -1.328783021676903 0
442 0.4505070541428126 -1.380650675226582 0
443 0.4483176670064941 -1.480353682267075 0
444 0.5356933511264946 -1.432322176707381 0
445 0.5378858626921971 -1.332623139070008 0
446 0.6231047070936649 -1.384355785848415 0
447 0.6254868528811375 -1.28500270173523 0
448 0.7105592109875665 -1.336467722334548 0
449 0.7130441264652508 -1.237302138831935 0
450 0.7980136116819886 -1.288579455647286 0
451 0.8003147547954524 -1.189078627545885 0
452 0.8854203364551534 -1.24060402779723 0
453 0.8849030394681221 -1.14538540186534 0
454 0.972372234758534 -1.193369049187136 0
455 0.963525764387515 -1.084157643736528 0
456 1.058254451488978 -1.143335053072975 0
457 1.062443741125027 -1.04498340532901 0
458 -0.5878469372148719 -1.457548906521058 0
459 1.147341800713661 -1.096509813859481 0
460 1.149818324971703 -0.9970101753874854 0
461 -0.928686356330682 -1.250362630160254 0
462 1.074850379997459 -0.9447936612041049 0
463 1.152073786396222 -0.8973633192829215 0
464 1.238219375492225 -0.9489427271193451 0
465 1.239502646187327 -0.8494260564040514 0
466 1.154273561833823 -0.7976794991592299 0
467 1.242026662793089 -0.7503353430868657 0
468 1.326956543345465 -0.8015377073371658 0
469 1.329187897698226 -0.7019118942242887 0
470 1.246025272766178 -0.6548104253048934 0
471 1.331691329258021 -0.6029300398382508 0
472 1.416628400403956 -0.6540193831311658 0
473 1.418827388999351 -0.5543420655517246 0
474 1.333597640152496 -0.5025978982100845 0
475 1.420951619594325 -0.4544972586756736 0
476 1.335734182026237 -0.4027798883235708 0
477 1.423150655557351 -0.3548180373487747 0
478 1.508380171668853 -0.4065585794080172 0
479 1.510576753115253 -0.3068733606515647 0
480 0.5145428529852788 1.510088760476582 0
481 0.9713207217321794 -1.29125202722717 0
482 -1.184296013275783 -1.095057407779788 0
483 -1.597201538899007 -0.2381764255338997 0
484 -0.7837350052159129 1.389403260399875 0
485 -0.6088532323365364 1.485228233130291 0
486 0.7979002136369825 -1.09592386937475 0
487 1.265575069905271 0.4497194330370983 0
488 1.33792111817382 -0.3030760521985635 0
489 0.6209039173645193 -1.484035419278082 0
490 -1.58837255416363 0.1605545586595829 0
491 0.794719867288011 -1.388160833345737 0
492 0.273375749857627 -1.576100700573831 0
493 1.595809397786113 -0.3586176754794518 0
494 1.598005230900934 -0.2589300785100296 0
495 1.606829982131057 0.1393877484036966 0
496 1.609050745054313 0.2390702371246061 0
497 1.60458757123501 0.03973862852928079 0
498 -0.433968000933716 1.581055031938808 0
499 0.5343612481366189 -1.225692421082573 0
500 0.3353396754922426 1.312226956025234 0
501 -1.492041559660195 0.6072170949548497 0
502 -0.4173295035227573 -1.560937128920317 0
503 -0.9586133063943049 1.29357303384376 0
504 1.590350904992933 -0.4582314337846977 0
505 -1.400184581071049 0.8545120572987918 0
506 1.250496889855319 -0.3510141127040042 0
507 -1.583897279942557 0.3599218157372956 0
508 -1.310535719851985 1.002124593859921 0
509 -0.8435740311956612 -1.012864038185418 0
510 -1.133473934394614 1.19770433014173 0
511 1.364506382185617 0.8927788239472656 0
512 -0.1738948632181825 1.625175969344274 0
513 0.2101135343673847 -1.327992593806602 0
514 -0.8825469389677748 1.048405536896174 0
515 -0.6262868385051499 1.181242942184526 0
516 -1.33264644139451 0.005289115100636246 0
517 1.145085409298561 -1.196158817664359 0
518 -1.054872413070018 0.8468526695803278 0
519 -0.4404001523642004 1.266041270821507 0
520 0.6762120356037498 1.111436284248859 0
521 -0.3248694171271195 -1.301833746355572 0
522 0.344106685521987 1.613616198093047 0
523 -1.31855396851339 0.1951746023205543 0
524 -1.006946776291744 -0.8854602090179839 0
525 0.9346628620434828 0.9624081038659713 0
526 1.512750986545315 -0.207220449202039 0
527 -0.180554230746809 1.326141801420378 0
528 -1.601599593229203 -0.4375440754925851 0
529 -1.236375084206309 0.451946891454859 0
530 -0.08643526914867293 1.673068629873923 0
531 1.102195760767464 0.7490293685587804 0
532 1.449730263182302 0.8410173345158326 0
533 0.2588849605920729 1.665381422638366 0
534 1.232843285055289 -1.148439975987096 0
535 -1.603795282441593 -0.5372316323585795 0
536 -0.5856990377887642 -1.174037120568621 0
537 0.5084809814978913 1.215833826820449 0
538 1.683240420717804 -0.3106760997262474 0
539 1.685436471320732 -0.2109866285181613 0
540 1.230628852177088 -1.248119813965893 0
541 1.692046082923115 0.08762585129298454 0
542 1.25269197780188 -0.2513304476497774 0
543 -0.9674405388098085 0.8947767390252465 0
544 -1.14451703820489 0.6992382542147081 0
545 -1.146730919939643 0.5995554929885669 0
546 1.016977820534973 0.800786966549055 0
547 -0.2679550916966824 1.278170616872208 0
548 -1.238586744701428 0.3522673687602181 0
549 1.504010688015048 -0.6059801513234455 0
550 1.501805486339582 -0.7056488378506173 0
551 -1.220896186577549 1.149751213287062 0
552 -1.48983012840016 0.7069024229426445 0
553 -0.3465300776213641 1.628979618680255 0
554 -0.4317519140575954 1.680740267662695 0
555 -0.5191912916752756 1.632812196473327 0
556 -1.58168658068786 0.4596075778966465 0
557 -1.66912411141932 0.4116793369166868 0
558 -1.666913832986614 0.5113667866660963 0
559 -1.671334101852624 0.3119908460912588 0
560 1.143392500434845 -1.295724576515066 0
561 1.340098649496582 -0.2034183215128409 0
562 1.517136372552853 -0.008133824603956926 0
563 1.689785090363407 -0.01198579777935059 0
564 -1.577268232014036 0.6589748197081178 0
565 1.451949041768544 0.9407015560438521 0
566 1.3666760015047 0.992382987848502 0
567 -0.9696520061483314 0.7950943060523674 0
568 1.589228015809701 -0.657689117860714 0
569 1.161266069092252 -0.3005080158519919 0
570 1.164016374660067 -0.3964976634594745 0
571 -1.688253050293576 -0.4854908344963726 0
572 -1.685905121954989 -0.3858066867642361 0
573 -0.170870019485754 1.723394014369946 0
574 -1.216250598738168 1.249377676765717 0
575 -1.130834277203722 1.297347322883059 0
576 -1.213228537569948 1.349333329186128 0
577 -0.1884217265761968 1.228489224276728 0
578 -0.2681290951747173 1.177954572669943 0
579 -0.1037623277169767 1.277476314187667 0
580 -1.298120357043108 1.202218805766613 0
581 -1.573991892172987 0.756716821186052 0
582 1.255898782719026 -0.1516724274471408 0
583 0.3448899013792285 1.71093870180338 0
584 0.4313083930603674 1.661143470485842 0
585 -1.060975229813197 0.6484304277563769 0
586 -1.061512649798039 0.5478027555367406 0
587 1.585469957632619 -0.7553244267705164 0
588 1.499334744898524 -0.8049700546063185 0
589 -0.0801000358203314 1.766073344878992 0
590 0.00202621923105821 1.719261656528325 0
591 -0.3425481542755657 1.7254437362989 0
592 1.019213362347315 0.7029265310157137 0
593 0.9399116619663029 0.7401844709263787 0
594 1.106096971733525 0.6574029138283402 0
595 -0.5126335461200627 1.732151537531939 0
596 0.2553035206876559 1.756683825130343 0
597 0.1725640365006361 1.715472953782867 0
598 1.180324189577434 0.1977562652663446 0
599 -1.68482094919785 -0.5852223417348578 0
600 -1.605993913593736 -0.6369219389140806 0
601 -1.761350915494607 -0.5460295877410285 0
602 -1.156813974656979 0.4048471120730679 0
603 -0.8822206558341885 0.8430131237411083 0
604 1.534093527185975 0.8838659550873431 0
605 1.534437713899781 0.788400799622713 0
606 1.61817526057891 0.8299654725287799 0
607 1.617275617217038 0.7361808052718518 0
608 -0.8880951276072023 0.7419521633614723 0
609 -1.125524527629088 1.391798855135834 0
610 0.4317964941225242 1.764658501641243 0
611 0.517784231217959 1.707757632747298 0
612 1.322987594528432 -1.203213099166908 0
613 1.325141424408964 -1.10216927605645 0
614 1.315936942715573 -1.299922586269525 0
615 -0.5977738593794821 1.681294245598964 0
616 1.775348620305842 0.03589774641744783 0
617 1.771232948911494 -0.06365558387378546 0
618 1.775329824751053 0.1354036109120093 0
619 1.077848380740716 -0.3472012092061227 0
620 -1.751294073332248 0.3644528836941162 0
621 -1.752116297217014 0.2640510593517498 0
622 1.545874597458911 0.9868196776742892 0
623 1.76778558062632 -0.2626825279103333 0
624 1.768476358148844 -0.3624253151430738 0
625 1.40970307941232 -1.154198743830158 0
626 1.407725674544454 -1.052120880150776 0
627 -1.137228333117816 0.3080809540349163 0
628 1.600176567984309 -0.8649401790084744 0
629 1.50034712879011 -0.9055295711014422 0
630 1.577449380148177 -0.9564839727626062 0
631 0.9261092912688835 -0.5626729331639271 0
632 1.02838434740589 -0.5545807203376856 0
633 0.97910095931089 -0.6476942264493181 0
634 1.083118291854686 -0.6355924628013572 0
635 1.128026255952786 -0.5517062052421603 0
636 1.054486737636336 -0.7410770135112197 0
637 0.9413422449262009 -0.7416491666390019 0
638 0.9881385346997068 -0.8259367831283559 0
639 0.8987343729299467 -0.8315440577603084 0
640 0.9402586035749666 -0.9093131945771813 0
641 0.8530701849506174 -0.9128747836749025 0
642 0.9030465791677105 -0.9939063046803562 0
643 0.1310977751364625 -1.076736938747074 0
644 0.08731346322708539 -1.166942719588123 0
645 -0.01366774398184656 -1.174239116965641 0
646 0.04631527915751443 -1.257782183776519 0
647 -0.06045307418027174 -1.278661055068822 0
648 -0.1114557045777583 -1.18736273614677 0
649 -0.1673490426405962 -1.275846390352461 0
650 -0.2089821578446244 -1.205546678334225 0
651 0.1889990488161537 -1.157698821976087 0
652 0.2911887733905206 -1.149625383413118 0
653 0.3365236756298677 -1.065925681613959 0
654 0.3899645635114712 -1.143910882974032 0
655 0.4419884388446605 -1.063930116789705 0
656 -0.9998869519829221 0.4214876949485925 0
657 -0.297567014061181 -1.040240764997563 0
658 -0.3731675326678436 -1.108518408783176 0
659 -0.457863944806399 -1.072561609825449 0
660 -0.435791309328938 -1.171281679886425 0
661 0.7874035771399414 0.7397500046772043 0
662 0.8136744908501473 0.8387813304152852 0
663 0.7397995586225909 0.9103307632879589 0
664 0.3513869792002345 1.026086391726796 0
665 0.4354222608812631 1.086056627787045 0
666 0.3418049667735849 1.121880971241708 0
667 0.5240603277007883 1.036932013646104 0
668 -1.034631731077342 -0.321545165727926 0
669 -1.101347291433175 -0.4042152889883383 0
670 -1.066991666021954 -0.4939995164859138 0
671 -1.136691610079037 -0.311319355905405 0
672 -1.198226690012555 -0.3852425752446627 0
673 -0.4940078742075401 0.9660495159946146 0
674 -0.4809138706910538 1.066169611340705 0
675 -0.3924249090731877 1.100382382681125 0
676 -0.5724163277278826 1.019851810494971 0
677 -0.6662530233277445 0.9803523622675713 0
678 -0.6765072482374876 0.889060534617254 0
679 -0.7595581083774275 0.9493778553507581 0
680 -0.7373259855343993 1.043070192576433 0
681 -0.4737089885661275 1.166087220499025 0
682 -0.8938888806816806 -0.6122228710492634 0
683 -0.9327101827686192 -0.7065005087713374 0
684 -0.8700637731584824 -0.7780675872633983 0
685 -0.9931853818485984 -0.6294396679706036 0
686 -1.023831688427504 -0.7192804007971796 0
687 -1.093893881277287 -0.6435526287710973 0
688 -0.6737200209413767 -0.8485018925568297 0
689 -0.680548330797761 -0.9503628441426069 0
690 -0.5962210169584824 -0.9985502168081082 0
691 -0.7543038549129063 -0.8851049644520999 0
692 -0.6914598826452727 -1.049855031651928 0
693 0.7188882113386298 -0.8294452445337601 0
694 0.02749208698384056 1.08162553963799 0
695 0.08359916057456891 1.165858935159492 0
696 0.1850866739229692 1.160149667209819 0
697 0.1378483411545668 1.24879077783178 0
698 0.04110526671637402 1.249401713633022 0
699 0.6287811010209502 -0.8863971970833835 0
700 0.6288832670455239 -0.9895659992503578 0
701 0.7110602842320134 -0.9406909211862908 0
702 -1.082046361829107 0.0002657430955256824 0
703 -1.167667137133695 -0.05683044641533998 0
704 -1.165300446532864 -0.1559023080258472 0
705 -1.253779235076113 -0.1104411950815774 0
706 -1.168627589130878 0.0583237782389233 0
707 -1.15718583074063 0.1513697754216412 0
708 -1.256497046770971 0.09940340901208304 0
709 -1.252251332924959 -0.2143567585945438 0
710 -0.1699307499555419 1.07000607457288 0
711 -0.2810698366325958 1.058303841449541 0
712 1.020453911279253 0.3654738740466393 0
713 1.110183388937073 0.3338744425063651 0
714 1.098307197882316 0.4339766628869368 0
715 0.9776345862796411 0.4708040032206731 0
716 1.061614571760923 0.5250033588669254 0
717 1.164307067656587 0.5110714637294033 0
718 -1.069386699099268 0.2199270540466926 0
719 -0.7576515538922347 -0.7767817689824209 0
720 0.6347078330216486 0.8947402943392884 0
721 0.6773650578137121 1.002962712016944 0
722 0.7727674375656888 0.9923284929401398 0
723 -1.078524517645008 -0.2182214646510429 0
724 0.2464682221378038 1.070864912439816 0
725 -0.9660257050819622 -0.5262058645713199 0
726 -0.495030775365407 -0.9655932503802528 0
727 -1.676620276910662 0.7076508011605982 0
728 0.241602119724081 1.257092510813931 0
729 0.8645787150573194 0.668787631926875 0
730 1.698305972619327 0.7722087377228503 0
731 -0.01187844940101208 1.163965622690376 0
732 -0.952951666956649 0.5189498185598679 0
733 0.533767369181951 0.9418777339843107 0
734 -0.3520918932377552 -1.200862627879644 0
735 1.083198801710317 0.1664450371473108 0
736 -0.0866478751174888 -1.091048066214649 0
737 0.8701754670782141 -0.664739749787124 0
738 1.673901122339762 -0.7124451122840221 0
739 1.687380154524869 -0.6031636062540429 0
740 0.09407314230971577 1.32801065534343 0
741 1.325012976616627 -1.000439156931035 0
742 0.5374375110710259 -1.049454994256023 0
743 0.6320869848735752 -1.090243875743273 0
744 1.778299791998816 -0.5898997591514921 0
745 1.740821081306965 -0.5081983476927361 0
746 0.2444753767796566 -1.235102821125196 0
747 1.078898502576943 -0.4563900130717723 0
748 -0.9757728394189623 0.6930923257067649 0
749 -1.152736062393575 0.5007129597111272 0
750 -0.8621253604428543 0.9425310003174175 0
751 0.9172956492286373 0.8518383425417404 0
752 -0.3420269702673945 1.225636142194044 0
753 -1.232640916067939 0.2613369780579226 0
754 -0.9248278364042319 -0.9540759217662814 0
755 -1.142304113561354 0.7989237621926368 0
756 0.5946241667530778 1.164728677610114 0
757 -1.234795180678439 0.5517695378647607 0
758 0.4218052891265056 1.266273425445667 0
759 0.1026108748596677 -1.355369699142844 0
760 -1.102763010565147 -0.8443678906799525 0
761 -1.343613279989601 -0.3995835646933723 0
762 0.4448581882617803 -1.283679806674276 0
763 -0.2280211168992463 -1.35780827656877 0
764 0.2522301814701989 1.366327411337263 0
765 1.267522141630376 0.5496943135188151 0
766 -0.7175954484472583 1.138208033130546 0
767 1.167465507886464 -0.1995871346372671 0
768 1.250080511977343 -0.4476596081268187 0
769 1.232721232523126 -0.5521379904178759 0
770 -0.09464444553687366 1.375716086107467 0
771 1.265964694448258 0.3464461477013516 0
772 1.188624886825976 0.6990184403384518 0
773 -1.058015606702792 0.7469386242505304 0
774 1.42533926075574 -0.2551425304008056 0
775 -0.9637149276382259 0.9952523314264587 0
776 -0.06505772731806107 -1.379601983653393 0
777 -1.260342114444573 -0.5465802437357279 0
778 1.016899519194525 0.902047209830889 0
779 -0.3509213811919929 1.326511652245719 0
780 -1.323045966881043 0.304217213483565 0
781 1.600151675876322 -0.1593221650165248 0
782 -1.43555963040693 -0.7404466034522591 0
783 -1.437762148262809 -0.840124026293845 0
784 -1.522903013617211 -0.7883639365322126 0
785 -1.524811953490217 -0.887578332469166 0
786 -1.439618155607049 -0.9392652048310594 0
787 1.427490433701249 -0.1555478459829521 0
788 -0.1593638568049866 -1.616423958822209 0
789 -0.07412740820488033 -1.668170285362886 0
790 -0.2468065420137918 -1.664334500533171 0
791 1.414345255069769 -0.7535555546710311 0
792 0.1859397406527289 -1.624056690467008 0
793 0.2711781274907452 -1.675781065668591 0
794 0.09851348900510454 -1.671979961900908 0
795 0.3586120456312539 -1.627839919397529 0
796 0.3544035582577931 -1.72386269979293 0
797 0.4435130406351897 -1.678977169789039 0
798 0.2666339537420475 -1.771187873153031 0
799 0.4334432793461238 -1.787840211696084 0
800 0.5221484309894677 -1.732133795719009 0
801 0.5300666983469952 -1.631678917538218 0
802 0.6162775629424099 -1.691279445357163 0
803 -1.26954461522599 -1.043307570461391 0
804 -1.271720555758174 -1.142991576511534 0
805 -1.186485435266387 -1.194744406011053 0
806 -1.355734563413055 -1.089242905988238 0
807 -1.272276136743115 -1.239976043952158 0
808 -1.186769113742902 -1.291279249527358 0
809 -1.100933524525695 -1.245967979164321 0
810 -1.102780671343711 -1.345071400239411 0
811 -1.199089935589572 -1.381223531740644 0
812 1.196288139669383 1.095990752235553 0
813 1.198507632761751 1.195676698973883 0
814 1.113285903661101 1.247439757126039 0
815 1.282902107133713 1.143848337036611 0
816 1.19957388074924 1.293467955678563 0
817 1.114158583294761 1.344913430985479 0
818 1.412848089241188 -0.8527964249343929 0
819 1.236396197876412 -1.048918520890149 0
820 -1.099000801774396 -1.14672007073288 0
821 -1.518559670241831 -0.5889858584378164 0
822 -1.402395140698563 0.7548271940811996 0
823 0.1714472070513524 1.617458021220627 0
824 1.279282618071457 0.9445361118703748 0
825 -0.1615714077732328 -1.716087754764269 0
826 -0.07378532084085375 -1.763621544022878 0
827 -0.2465106646430157 -1.759163219975753 0
828 -0.3340324149330438 -1.711060098609909 0
829 -0.2613471593589305 1.57727599735842 0
830 -1.494252158419666 0.5075335268650382 0
831 1.282121375999928 1.239008640390087 0
832 1.288323711627584 1.323020877165417 0
833 1.455550547773543 1.045154321140702 0
834 1.451010076293217 1.146965260445966 0
835 -0.001320741549918707 1.621270833744321 0
836 1.447424583423708 0.7411911713065531 0
837 1.532144845528935 0.6891791786170137 0
838 1.615247298482458 0.6375546079237701 0
839 -0.5214072767304228 1.533133082986708 0
840 -1.223110057291757 1.050068280506969 0
841 1.505656108733268 -0.5062664876503118 0
842 0.360889843437436 -1.528296308216012 0
843 0.855349040973636 1.303482850108133 0
844 0.9428364649308212 1.351036076492263 0
845 0.8576165286455396 1.402811273265783 0
846 0.944778481938557 1.450210815424379 0
847 0.859536611370352 1.501930346238508 0
848 0.9502618758973612 1.555138991738878 0
849 -1.377131332822637 -1.192650746589857 0
850 -1.365471726214199 -1.29158850778361 0
851 -1.586117283094869 0.2602366463566828 0
852 1.025900336777448 1.199601253847018 0
853 -1.352504351503113 -0.8917972062686877 0
854 1.226876387631963 -1.350798001967129 0
855 1.13861177135265 -1.398842847955616 0
856 1.119938283898688 -1.499653070718147 0
857 1.0505037281559 -1.439556138923387 0
858 1.0347514838749 -1.537667813110627 0
859 0.9596283947813442 -1.480739372668663 0
860 -0.8433086179629677 -1.301862461085331 0
861 -0.8455399368691271 -1.401654220017824 0
862 -0.7603173274914902 -1.453424557670228 0
863 -0.8477760835525167 -1.501402523640007 0
864 -0.7623878194578247 -1.552896289247853 0
865 -0.9330058131315744 -1.449655616366332 0
866 -0.8462889390654459 -1.605880823443774 0
867 0.7081610989841063 -1.436105965588467 0
868 0.706102503604516 -1.535777305856215 0
869 0.0133090557218054 -1.620261202637494 0
870 -0.6963152171550652 1.437354899836561 0
871 -0.7814975080505492 1.489045450529706 0
872 -0.8689346799101874 1.44112217835369 0
873 -0.865895667479591 1.539300677548649 0
874 -0.952120502644189 1.489165998429953 0
875 -0.7784456533825375 1.587208792413439 0
876 1.526054790107085 0.390513506047793 0
877 1.613495626846938 0.4384305201584543 0
878 0.8829225210866808 -1.339706117781418 0
879 -0.6729336433079254 -1.405566605972854 0
880 -1.590632272411493 0.06087364539918016 0
881 -1.677984413747044 0.01294434640751283 0
882 -1.680181773132996 -0.08674108918798797 0
883 -1.76289741492617 -0.03504016045052091 0
884 -1.759508584782306 0.06461861131948837 0
885 -1.763154439200579 -0.1375354116461331 0
886 -1.839447246813944 0.01020345464767723 0
887 -0.4236352107929223 1.789829334043711 0
888 -0.8712040668671174 1.341542859384376 0
889 -1.753127355326154 0.4658270246734066 0
890 -1.750868229752389 0.5624412516414741 0
891 0.1833537788145309 -1.723007277626924 0
892 0.09347830330233968 -1.766476305686596 0
893 -1.595001858028015 -0.1384932464014189 0
894 1.523834121549782 0.2908351891491276 0
895 -1.046033391044167 1.245744648314439 0
896 0.5997569700283668 1.458332046601191 0
897 0.6019764070950218 1.558007191069517 0
898 -0.9310482745558578 -1.555737259146025 0
899 -1.025986091963264 -1.505245357402791 0
900 1.68979554575758 -0.4210277978631752 0
901 1.057909811246513 -1.243649940732866 0
902 -1.599301414261553 -0.3378620457798723 0
903 -0.3320309988626097 -1.612428383663304 0
904 -0.6055213244607855 1.584344765202906 0
905 0.4292856566597945 1.56178638861881 0
906 -0.5026687774742943 -1.50937469074254 0
907 -0.5047281105575345 -1.608817931519852 0
908 -1.397970925083958 0.9541974690042623 0
909 -1.485410730335638 0.9062721051831099 0
910 -1.393346309039241 1.053828977857505 0
911 1.693575817291312 0.1872836788709275 0
912 1.696376208615833 0.2869852667966397 0
913 0.7138991419849633 -1.041681646430315 0
914 0.4458115011517039 -1.579851052489387 0
915 -1.672442966739659 0.212306637296437 0
916 -1.013776490239915 -1.198463902447176 0
917 0.7701141353686231 1.355096532788839 0
918 -0.1563701404857886 -1.818713344469774 0
919 -1.043157693346335 1.344432307286593 0
920 -1.520760946051415 -0.6886819169415805 0
921 -0.9308086310933168 -1.349990084167014 0
922 1.591415879129095 -0.5579894371583131 0
923 -0.6751198051609443 -1.505226552160312 0
924 -0.6772837599519524 -1.604345698756661 0
925 -0.2586774273359096 1.676141266785683 0
926 1.281309936317939 1.044121235704705 0
927 0.01104522367206376 -1.718346766562742 0
928 -1.681656390268447 -0.1869027327774652 0
929 -1.767413540660149 -0.2377110683508515 0
930 -1.579477186425984 0.559291614524368 0
931 -1.487443652622779 0.8062633335021862 0
932 -1.354492965130476 -0.9911204087523098 0
933 -1.306591423643239 1.101925876013761 0
934 0.08622761764510001 1.669217556522387 0
935 1.529954160327017 0.5897721096995229 0
936 -0.4194478400094653 -1.660308428881524 0
937 -0.5049602772518628 -1.702384699531424 0
938 0.5332492594549817 -1.531990985266885 0
939 0.5165153797960024 1.60941103631433 0
940 -1.475947620120331 1.004012410542275 0
941 -1.570637294954444 0.9580350087341158 0
942 -1.567613389720276 0.8535233650334004 0
943 1.027848796300279 1.298858802272906 0
944 0.7923035572887406 -1.487819366967161 0
945 0.7889352060018141 -1.583481099286498 0
946 0.874650396727401 -1.531818915159471 0
947 0.1686729684085981 -1.82918526825914 0
948 0.2741595527197067 -1.877336548939291 0
949 0.7723419096421495 1.454470025605791 0
950 0.7743055321371024 1.553665023067791 0
951 -0.6937463637381024 1.536638056308143 0
952 -1.664703792850275 0.6110514035324021 0
953 -1.674985809463655 0.1126132665519901 0
954 1.611255206810337 0.3387514317786267 0
955 -0.5899044457323773 -1.55698764050845 0
956 0.6871269778787966 1.506162004514639 0
957 1.774734614026556 0.2345708256038829 0
958 1.789240720267676 0.3384111937937915 0
959 1.698719748688071 0.38667387139514 0
960 1.699093646750817 0.4863919773236078 0
961 -0.9559355417857732 1.392463972640555 0
962 1.02969164241764 1.39793633370021 0
963 1.12627183544119 1.437400470272572 0
964 -1.683911572066945 -0.2867467854229677 0
965 0.007503647877677867 -1.808248603141621 0
966 -1.015868804689609 -1.297962275110667 0
967 -0.2503976777071468 1.765898083152665 0
968 -1.394608589394986 1.169420106681715 0
969 0.6184226710947015 -1.585036003822033 0
970 -0.6883923769557682 1.631602467632084 0
971 -0.4221566420691341 -1.772783143417392 0
972 -1.755218117914121 0.1642801352449805 0
973 -1.602767597559984 -0.7367727118163957 0
974 0.7039360848547873 -1.635453949635639 0
975 1.614863347750298 0.5380579834030166 0
976 -1.437809972083047 -1.031740759912679 0
977 0.6021290477684191 1.654321156631752 0
978 -0.5906204379512154 -1.653157958952322 0
979 -1.037667623312252 1.438059151756467 0
980 0.6879262755895618 1.603501694947422 0
981 0.7648830907812174 1.657101871023394 0
982 -1.01871567156683 -1.39847123992483 0
983 0.08809684567669031 1.766646573519674 0
984 1.431961311356927 0.04361694099678606 0
985 -1.789103379301689 -0.3434648669975515 0
986 -1.857241255396597 -0.282309241892086 0
987 1.715403489576161 0.6002511216541806 0
988 1.774999713235916 0.532954343715592 0
989 1.26588932783312 0.2439736591342274 0
990 1.34254850325338 -0.1038218868370867 0
991 1.429702860328788 -0.05593438313477269 0
992 1.514894493023325 -0.1076665985640551 0
993 1.602303459038913 -0.05979182221351298 0
994 1.686938800177156 -0.1115042235796526 0
995 1.76649764223994 -0.1630941781713274 0
996 1.843191464233656 -0.1076068279835605 0
997 1.32568036760993 -0.9005773581677372 0
998 -1.604967989430058 -0.8352129258325108 0
999 -1.6067765953231 -0.9319356638081349 0
1000 1.258328424726866 -0.05222232544054772 0
1001 1.367328308398036 1.094068162940504 0
1002 0.714308145621488 -1.140203292730686 0
1003 -1.181240731606467 -0.6955615412443801 0
1004 -0.5140189722543765 1.830837605478228 0
1005 -1.04154407579394 1.535142851628559 0
1006 -0.7603487741322331 -1.655656330157978 0
1007 -0.6697102899877775 -1.704526620461829 0
1008 1.505473000347546 -1.017951909414001 0
1009 0.4851253678444223 -1.13795294654654 0
1010 0.6310266456332915 -1.18606559474151 0
1011 1.056011140172234 -1.342485333625118 0
1012 -1.849280441892635 0.4105054272557012 0
1013 0.5291942975088666 -1.832427055303958 0
1014 0.8804145404907989 -1.629587230042867 0
1015 -1.211669273522763 1.451306696158879 0
1016 -0.3182266880231451 -1.811094954810643 0
1017 -1.301544142241116 1.395041475823628 0
1018 -1.839985862486142 0.2239827051527611 0
1019 0.8576357759236605 1.603030269188153 0
1020 1.412847872858309 -0.9549025501165639 0
1021 -1.521703731880214 -0.9808523407796835 0
1022 1.035287390874955 1.494792325238675 0
1023 0.8390896232221118 0.9337355319550739 0
1024 -1.108822566004687 -1.441632316204001 0
1025 1.158423767896444 -0.7015538012450546 0
1026 0.0066368309765978 1.813025686846716 0
1027 0.09204471602151082 1.858280179646393 0
1028 -1.181804037159538 -0.5964774939835804 0
1029 -1.170629336414919 -0.4922413377465403 0
1030 -0.9656061192720468 -0.7911746797055729 0
1031 -1.773395647368165 -0.4465335607388408 0
1032 1.366521181365102 1.191936835466539 0
1033 -0.7517240180303782 1.767154777286137 0
1034 0.4794924735861461 1.854962124819712 0
1035 -0.9264949640537242 1.678480618300767 0
1036 0.6610993062249632 1.798351129490429 0
1037 0.2911090046915192 1.894557951171465 0
1038 -1.086233450558256 -1.5932918847309 0
1039 -0.1953345116945645 -1.907935513836334 0
1040 -0.9171877455179259 -1.684239130151442 0
1041 1.005580422384371 1.645580283268427 0
1042 -1.74458397347845 0.7884658995415388 0
1043 -0.5666888149998665 -1.834054237166917 0
1044 0.003749360663295068 -1.902573821610963 0
1045 -0.1028248598270463 1.912255518555206 0
1046 0.7548919224712535 -1.762438308054902 0
1047 1.915720054904607 0.1412496427951655 0
1048 1.888648381677194 0.3330196667610676 0
1049 1.746558650290214 -0.787357133922428 0
1050 -1.550120147672507 -1.12479945085284 0
1051 -1.746625742730081 -0.7818688440275066 0
1052 -0.2888751231656644 1.898181558015499 0
1053 1.857973139588129 -0.4089526002583009 0
1054 1.904481716463459 -0.333503814037836 0
1055 -1.437960289549251 1.26774432558896 0
1056 -1.497776346144283 1.192706915819812 0
1057 1.309352757599249 -1.401401469500512 0
1058 0.146637929534577 -1.250148139902562 0
1059 1.168890429708426 -0.1016891938640601 0
1060 1.069694585156605 -0.2492253551284244 0
1061 0.9658455474455385 -1.388917666441798 0
1062 -1.691107319520442 -0.6940514129945149 0
1063 0.8783450474362859 -1.436193712060708 0
1064 -1.920397385868986 -0.0447256507911131 0
1065 0.8328691571561443 1.729470625379889 0
1066 1.187877931300732 0.6046550088877105 0
1067 0.1724034804074435 1.809946270466588 0
1068 -0.2720772973351235 -1.138502244091727 0
1069 -0.5372239131728564 1.229566665891762 0
1070 -1.339985754447476 -0.1860359941213142 0
1071 -1.227349502374368 -0.3026736124260048 0
1072 -1.61604778441536 1.042498409701546 0
1073 0.7979610450844759 -0.9955759929228898 0
1074 1.159403206233468 1.530624766667392 0
1075 -0.7453847949991145 -1.763876566240236 0
1076 0.3312980347052036 1.221477224721884 0
1077 -1.665620412719594 0.9621504886844499 0
1078 1.706581763264313 0.8782126837754657 0
1079 1.498975810580142 -1.190893734393632 0
1080 0.3528482369159401 -1.235809727491351 0
1081 -1.235843489901234 -0.000851067829054958 0
1082 1.922393752690359 -0.05384239309996659 0
1083 1.619647436661628 1.046164476448903 0
1084 1.183040086384841 0.3963580389472675 0
1085 1.610966504745039 -1.039114839721644 0
1086 -1.263589253796853 -0.4497551882209452 0
1087 -0.005821053023217856 1.329174851902361 0
1088 -1.820274853096561 -0.6141603651679621 0
1089 -1.354606214280763 -0.09521073588351367 0
1090 -0.1565319874221895 1.823510060582375 0
1091 -0.4206934695373785 -1.265565691205967 0
1092 -1.232475549763605 -1.472353167172683 0
1093 -0.5567417736807142 1.116936942930575 0
1094 1.37700705743545 1.342670112245119 0
1095 1.780439517320314 0.444731457970012 0
1096 1.076900233010777 -0.846805954222439 0
1097 -0.1109449497716794 1.173368087105317 0
1098 0.1896628117769528 -1.920036810406134 0
1099 1.820953789329177 0.6055231938173289 0
1100 -1.349150926806033 0.1027477673390332 0
1101 0.6769169047797047 1.702742448895319 0
1102 -0.3815230450661121 -1.887285748871088 0
1103 0.8166185834058234 -0.8287775216230288 0
1104 1.687171364282098 0.6884930493423929 0
1105 1.019109773461388 0.61225224722764 0
1106 0.9924664414447452 -0.9823353734919265 0
1107 -1.816174283631531 0.6165310262703539 0
1108 -1.65113700320423 0.813224672765162 0
1109 1.212081360034087 1.38154374560448 0
1110 0.4628717205630416 -0.9780262802209206 0
1111 -1.447290351468285 -1.264581172552676 0
1112 -0.9891797595740971 0.6065565817842804 0
1113 0.422730562489469 1.174046726258792 0
1114 -1.449964020126748 -1.118462797737045 0
1115 -0.6461032328705248 1.07994371393077 0
1116 -0.2454951432509184 -1.277956297662403 0
1117 -1.477450422372703 1.097825468542466 0
1118 -1.289328939492484 1.300859499902581 0
1119 -0.9044301522402216 -0.8587272050674883 0
1120 1.66954471552158 -0.9639120909305076 0
1121 -1.841601133407812 -0.09170514565522481 0
1122 -0.5824942127015554 -1.74668492983287 0
1123 -0.8189848649898899 0.6872098981528 0
1124 0.3292894019049841 1.804019239204351 0
1125 1.662012454286179 -0.7983743396414971 0
1126 0.009494009425907411 -1.337337531578125 0
1127 -0.7795958112362829 0.85589737318035 0
1128 -1.079324663228343 0.4544961055862777 0
1129 -1.926561552989247 0.05010957935031692 0
1130 -0.8560888479735246 1.625138935327253 0
1131 1.187791775033511 0.2911644473786552 0
1132 1.002286097450769 -0.3915170392368342 0
1133 0.5909478044542466 1.745266994620074 0
1134 1.170748575538053 -0.4808782960636203 0
1135 -0.8421676529839436 -0.9156662120055178 0
1136 -1.854316322313362 -0.5217841980645693 0
1137 0.1771373242793711 1.323443035310655 0
1138 -1.281219478245065 -1.329576026165676 0
1139 -0.8015613259294502 1.098898070993424 0
1140 -1.845018044869776 -0.1933009754792978 0
1141 -0.6564203492272325 -1.127534582739571 0
1142 1.383325538096688 -1.349257649095877 0
1143 1.510935273227027 1.204930672722316 0
1144 1.659275839613552 -0.5096180852328009 0
1145 -1.832840622755591 0.1142237535574815 0
1146 0.2701954215546313 1.165285690311954 0
1147 -1.10860955303207 -0.74802576204663 0
1148 0.5146109212878907 1.126011186130977 0
1149 -0.7611884162566129 -0.9833582749210754 0
1150 0.9519543078525148 0.6566443506555026 0
1151 1.843101439980013 -0.01348929263673791 0
1152 -0.767122063376897 1.67027265937607 0
1153 -0.679458109187111 1.717751337043682 0
1154 0.8535647677143906 1.022664967417567 0
1155 -0.9419161772978246 1.578677962371401 0
1156 -0.3231191568568528 1.814477210378797 0
1157 0.601003603033591 1.077313334162979 0
1158 0.9491796875161683 -1.563132541230753 0
1159 -1.922842937265258 0.2386130407124089 0
1160 -0.5067421373111997 -1.223568196000544 0
1161 1.304132474575024 1.408334789187166 0
1162 0.926466791111933 -1.701191755850122 0
1163 1.843241038441192 0.08592434545770057 0
1164 1.782516068343196 -0.4433931534880465 0
1165 -1.05422680000104 -0.5741011656599231 0
1166 -1.176609432929466 -0.2378567328324519 0
1167 1.169087864633647 -0.6225667974329989 0
1168 1.092683120655525 -1.59741530666516 0
1169 0.4604677476334399 -1.872147594639021 0
1170 -1.894557759731381 -0.3521773998830335 0
1171 -1.9175673369785 -0.2233144870281473 0
1172 1.47546677544513 -1.102884212861999 0
1173 0.342157714382176 -1.805229689771201 0
1174 -1.091241007328381 1.602035113453703 0
1175 0.776889122827937 -1.670323813077387 0
1176 0.56541079933704 -1.137914866972619 0
1177 -0.5951388276926912 1.778993011517497 0
1178 1.841906036586355 0.185943765918317 0
1179 1.919803271016056 -0.1515021925579987 0
1180 1.857359324523656 0.5198450060123978 0
1181 -1.668512365631904 -0.785041977986623 0
1182 -1.359042193395096 1.255539192635826 0
1183 0.6930024428243637 -1.711336957189875 0
1184 -0.2036992716221462 1.141624360014882 0
1185 -0.7752338390166197 -1.061243608647792 0
1186 -0.8092049460710061 1.01140014169748 0
1187 -0.8150165927737801 -0.8346313594766381 0
1188 -0.5300499534304214 -1.033900266265458 0
1189 -1.677837440269021 -0.9697110965479441 0
1190 0.5947694083680799 0.9940041039235565 0
1191 0.3798070391359715 -1.001108815662043 0
1192 -0.5053648146712085 -1.784954651790349 0
1193 -1.736015978731285 0.6374367233278746 0
1194 -0.06482769643544388 1.846075943374693 0
1195 0.2931834375966139 -1.302514402679197 0
1196 -0.06435563968828913 -1.841225866156004 0
1197 0.7575702597407364 1.074415801769123 0
1198 0.4414315209340465 -1.205409156953754 0
1199 -0.5923980279680306 -1.0863146978505 0
1200 -0.4539305371572873 1.875510282211102 0
1201 1.827372533016724 -0.2141562554265832 0
1202 -1.513327519465516 -1.058368071932609 0
1203 1.35705363597813 1.265831691253649 0
1204 0.5050376496767343 1.782518032560064 0
1205 0.09639893697628556 1.937715077182896 0
1206 0.8618772902559779 0.7720416210032774 0
1207 -0.2413258595633553 -1.839253955761711 0
1208 0.873497479143326 -1.067999669744451 0
1209 -1.364989553410923 -1.364640558546851 0
1210 0.2420135409278167 1.836640902871089 0
1211 -1.146981540480218 0.2268244283043812 0
1212 -0.3320358077450622 1.140893140394973 0
1213 -1.813924366956305 0.3152483666670448 0
1214 -1.747100489757895 -0.6332935737684305 0
1215 0.5908841174422764 -1.785641193121137 0
1216 -1.272463599387758 -0.3662631073449204 0
1217 0.8649035320225259 -0.7589243879010485 0
1218 -0.1688007823951987 -1.138305985968717 0
1219 -0.5157047840054906 -1.130846844452642 0
1220 -0.828047386417441 0.7884329603790602 0
1221 1.122388094827736 0.248698668416177 0
1222 -1.041551429517702 -0.7976617884494637 0
1223 1.015576314363057 -0.8960506571243232 0
1224 -0.03190592703358826 1.241587536721932 0
1225 -1.110712926708539 1.467371307466397 0
1226 1.839118154045892 0.2763769065594332 0
1227 -0.2340721230789443 1.845483069248482 0
1228 -1.081686814670463 0.3814938858268025 0
1229 1.11380673899786 0.5809492115373331 0
1230 -1.235291362205512 0.1804203479210444 0
1231 1.843655778816688 -0.6186620642169037 0
1232 -1.119972115010772 -0.5529438396120792 0
1233 0.07748849733319367 -1.841015421921064 0
1234 -1.634309943127648 0.8950997099946311 0
1235 -1.022046988777664 0.4870715226263845 0
1236 -0.1358909851851345 -1.348091517838958 0
1237 -0.2804390718401556 -1.222202284999202 0
1238 -1.541804416804203 1.046416140102 0
1239 0.7795196618023119 -0.9014728927881743 0
1240 1.606144796880475 0.9064461462985316 0
1241 0.9960646227856113 0.5434662630496238 0
1242 1.829663455101884 -0.3094474444357102 0
1243 1.174948792784672 -1.552673453815901 0
1244 0.06231763497478966 1.399831535411513 0
1245 1.771003364430191 0.8004215572168956 0
1246 -0.6932557112376049 0.8128664116149812 0
1247 -0.4013893890631848 1.179596695971811 0
$EndNodes
$Elements
2494
1 1 2 3 1 1 3
2 1 2 3 1 3 4
3 1 2 3 1 4 5
4 1 2 3 1 5 6
5 1 2 3 1 6 7
6 1 2 3 1 7 8
7 1 2 3 1 8 9
8 1 2 3 1 9 10
9 1 2 3 1 10 11
10 1 2 3 1 11 12
11 1 2 3 1 12 13
12 1 2 3 1 13 14
13 1 2 3 1 14 15
14 1 2 3 1 15 16
15 1 2 3 1 16 17
16 1 2 3 1 17 18
17 1 2 3 1 18 19
18 1 2 3 1 19 20
19 1 2 3 1 20 21
20 1 2 3 1 21 22
21 1 2 3 1 22 23
22 1 2 3 1 23 24
23 1 2 3 1 24 25
24 1 2 3 1 25 26
25 1 2 3 1 26 27
26 1 2 3 1 27 28
27 1 2 3 1 28 29
28 1 2 3 1 29 30
29 1 2 3 1 30 31
30 1 2 3 1 31 32
31 1 2 3 1 32 33
32 1 2 3 1 33 34
33 1 2 3 1 34 35
34 1 2 3 1 35 36
35 1 2 3 1 36 37
36 1 2 3 1 37 38
37 1 2 3 1 38 39
38 1 2 3 1 39 40
39 1 2 3 1 40 41
40 1 2 3 1 41 42
41 1 2 3 1 42 43
42 1 2 3 1 43 44
43 1 2 3 1 44 45
44 1 2 3 1 45 46
45 1 2 3 1 46 47
46 1 2 3 1 47 48
47 1 2 3 1 48 49
48 1 2 3 1 49 50
49 1 2 3 1 50 51
50 1 2 3 1 51 52
51 1 2 3 1 52 53
52 1 2 3 1 53 54
53 1 2 3 1 54 55
54 1 2 3 1 55 56
55 1 2 3 1 56 57
56 1 2 3 1 57 58
57 1 2 3 1 58 59
58 1 2 3 1 59 60
59 1 2 3 1 60 61
60 1 2 3 1 61 62
61 1 2 3 1 62 63
62 1 2 3 1 63 64
63 1 2 3 1 64 1
64 1 2 4 2 2 65
65 1 2 4 2 65 66
66 1 2 4 2 66 67
67 1 2 4 2 67 68
68 1 2 4 2 68 69
69 1 2 4 2 69 70
70 1 2 4 2 70 71
71 1 2 4 2 71 72
72 1 2 4 2 72 73
73 1 2 4 2 73 74
74 1 2 4 2 74 75
75 1 2 4 2 75 76
76 1 2 4 2 76 77
77 1 2 4 2 77 78
78 1 2 4 2 78 79
79 1 2 4 2 79 80
80 1 2 4 2 80 81
81 1 2 4 2 81 82
82 1 2 4 2 82 83
83 1 2 4 2 83 84
84 1 2 4 2 84 85
85 1 2 4 2 85 86
86 1 2 4 2 86 87
87 1 2 4 2 87 88
88 1 2 4 2 88 89
89 1 2 4 2 89 90
90 1 2 4 2 90 91
91 1 2 4 2 91 92
92 1 2 4 2 92 93
93 1 2 4 2 93 94
94 1 2 4 2 94 95
95 1 2 4 2 95 96
96 1 2 4 2 96 97
97 1 2 4 2 97 98
98 1 2 4 2 98 99
99 1 2 4 2 99 100
100 1 2 4 2 100 101
101 1 2 4 2 101 102
102 1 2 4 2 102 103
103 1 2 4 2 103 104
104 1 2 4 2 104 105
105 1 2 4 2 105 106
106 1 2 4 2 106 107
107 1 2 4 2 107 108
108 1 2 4 2 108 109
109 1 2 4 2 109 110
110 1 2 4 2 110 111
111 1 2 4 2 111 112
112 1 2 4 2 112 113
113 1 2 4 2 113 114
114 1 2 4 2 114 115
115 1 2 4 2 115 116
116 1 2 4 2 116 117
117 1 2 4 2 117 118
118 1 2 4 2 118 119
119 1 2 4 2 119 120
120 1 2 4 2 120 121
121 1 2 4 2 121 122
122 1 2 4 2 122 123
123 1 2 4 2 123 124
124 1 2 4 2 124 125
125 1 2 4 2 125 126
126 1 2 4 2 126 127
127 1 2 4 2 127 128
128 1 2 4 2 128 129
129 1 2 4 2 129 130
130 1 2 4 2 130 131
131 1 2 4 2 131 132
132 1 2 4 2 132 133
133 1 2 4 2 133 134
134 1 2 4 2 134 135
135 1 2 4 2 135 136
136 1 2 4 2 136 137
137 1 2 4 2 137 138
138 1 2 4 2 138 139
139 1 2 4 2 139 140
140 1 2 4 2 140 141
141 1 2 4 2 141 142
142 1 2 4 2 142 143
143 1 2 4 2 143 144
144 1 2 4 2 144 145
145 1 2 4 2 145 146
146 1 2 4 2 146 147
147 1 2 4 2 147 148
148 1 2 4 2 148 149
149 1 2 4 2 149 150
150 1 2 4 2 150 151
151 1 2 4 2 151 152
152 1 2 4 2 152 153
153 1 2 4 2 153 154
154 1 2 4 2 154 155
155 1 2 4 2 155 156
156 1 2 4 2 156 157
157 1 2 4 2 157 158
158 1 2 4 2 158 159
159 1 2 4 2 159 160
160 1 2 4 2 160 161
161 1 2 4 2 161 162
162 1 2 4 2 162 163
163 1 2 4 2 163 164
164 1 2 4 2 164 165
165 1 2 4 2 165 166
166 1 2 4 2 166 167
167 1 2 4 2 167 168
168 1 2 4 2 168 169
169 1 2 4 2 169 170
170 1 2 4 2 170 171
171 1 2 4 2 171 172
172 1 2 4 2 172 173
173 1 2 4 2 173 174
174 1 2 4 2 174 175
175 1 2 4 2 175 176
176 1 2 4 2 176 177
177 1 2 4 2 177 178
178 1 2 4 2 178 179
179 1 2 4 2 179 180
180 1 2 4 2 180 181
181 1 2 4 2 181 182
182 1 2 4 2 182 183
183 1 2 4 2 183 184
184 1 2 4 2 184 185
185 1 2 4 2 185 186
186 1 2 4 2 186 187
187 1 2 4 2 187 188
188 1 2 4 2 188 189
189 1 2 4 2 189 2
190 2 2 5 1 759 1058 646
191 2 2 5 1 102 1177 1004
192 2 2 5 1 603 1127 750
193 2 2 5 1 466 1025 636
194 2 2 5 1 705 1081 516
195 2 2 5 1 516 1089 705
196 2 2 5 1 612 614 258
197 2 2 5 1 628 1120 235
198 2 2 5 1 750 1127 679
199 2 2 5 1 102 1004 101
200 2 2 5 1 987 1099 217
201 2 2 5 1 751 1023 662
202 2 2 5 1 266 833 622
203 2 2 5 1 261 739 738
204 2 2 5 1 258 625 612
205 2 2 5 1 636 1096 466
206 2 2 5 1 259 1038 899
207 2 2 5 1 261 744 739
208 2 2 5 1 257 1111 849
209 2 2 5 1 899 1024 259
210 2 2 5 1 898 899 231
211 2 2 5 1 898 1040 866
212 2 2 5 1 217 1104 987
213 2 2 5 1 899 1038 231
214 2 2 5 1 849 1114 257
215 2 2 5 1 630 1120 628
216 2 2 5 1 231 1040 898
217 2 2 5 1 608 748 195
218 2 2 5 1 811 1092 1024
219 2 2 5 1 1024 1092 259
220 2 2 5 1 721 1197 520
221 2 2 5 1 246 711 675
222 2 2 5 1 253 1102 971
223 2 2 5 1 619 1060 62
224 2 2 5 1 985 1170 220
225 2 2 5 1 848 1022 216
226 2 2 5 1 216 1041 848
227 2 2 5 1 222 1085 1008
228 2 2 5 1 251 1019 848
229 2 2 5 1 848 1041 251
230 2 2 5 1 110 1015 109
231 2 2 5 1 666 724 664
232 2 2 5 1 699 701 693
233 2 2 5 1 714 715 712
234 2 2 5 1 165 1215 1013
235 2 2 5 1 516 1081 708
236 2 2 5 1 963 1074 1022
237 2 2 5 1 62 1132 619
238 2 2 5 1 1022 1074 216
239 2 2 5 1 971 1102 1016
240 2 2 5 1 513 1058 759
241 2 2 5 1 195 1123 608
242 2 2 5 1 767 1060 569
243 2 2 5 1 1019 1065 981
244 2 2 5 1 251 1065 1019
245 2 2 5 1 21 711 246
246 2 2 5 1 635 747 632
247 2 2 5 1 123 1012 122
248 2 2 5 1 714 716 715
249 2 2 5 1 520 1157 721
250 2 2 5 1 525 1023 751
251 2 2 5 1 487 765 717
252 2 2 5 1 266 834 833
253 2 2 5 1 708 1100 516
254 2 2 5 1 500 764 728
255 2 2 5 1 220 1031 985
256 2 2 5 1 653 1191 52
257 2 2 5 1 165 1013 164
258 2 2 5 1 240 948 162
259 2 2 5 1 672 1029 669
260 2 2 5 1 248 718 707
261 2 2 5 1 722 1197 721
262 2 2 5 1 162 948 161
263 2 2 5 1 1055 1056 968
264 2 2 5 1 711 1212 675
265 2 2 5 1 646 1126 759
266 2 2 5 1 717 1084 487
267 2 2 5 1 627 718 202
268 2 2 5 1 610 1034 209
269 2 2 5 1 711 1184 578
270 2 2 5 1 622 1083 266
271 2 2 5 1 236 1180 1095
272 2 2 5 1 744 745 739
273 2 2 5 1 727 1042 256
274 2 2 5 1 1095 1180 988
275 2 2 5 1 866 1040 265
276 2 2 5 1 666 1146 724
277 2 2 5 1 762 1080 441
278 2 2 5 1 220 1136 1031
279 2 2 5 1 578 1212 711
280 2 2 5 1 854 855 224
281 2 2 5 1 636 1025 634
282 2 2 5 1 515 1115 1093
283 2 2 5 1 208 1177 102
284 2 2 5 1 598 735 271
285 2 2 5 1 1053 1242 624
286 2 2 5 1 1008 1172 222
287 2 2 5 1 632 747 206
288 2 2 5 1 1031 1136 601
289 2 2 5 1 271 735 247
290 2 2 5 1 201 733 667
291 2 2 5 1 190 1060 767
292 2 2 5 1 698 731 695
293 2 2 5 1 669 1029 670
294 2 2 5 1 265 1006 866
295 2 2 5 1 655 1009 742
296 2 2 5 1 515 1093 1069
297 2 2 5 1 194 678 24
298 2 2 5 1 191 653 52
299 2 2 5 1 209 1124 610
300 2 2 5 1 721 1190 720
301 2 2 5 1 1069 1093 681
302 2 2 5 1 996 1201 1179
303 2 2 5 1 720 1190 733
304 2 2 5 1 1179 1201 239
305 2 2 5 1 633 737 637
306 2 2 5 1 645 736 648
307 2 2 5 1 304 1197 1154
308 2 2 5 1 52 1191 53
309 2 2 5 1 1084 1131 771
310 2 2 5 1 221 1215 165
311 2 2 5 1 701 1239 693
312 2 2 5 1 1109 1161 255
313 2 2 5 1 1154 1197 722
314 2 2 5 1 958 1048 236
315 2 2 5 1 718 1211 707
316 2 2 5 1 269 270 247
317 2 2 5 1 850 1111 142
318 2 2 5 1 673 676 194
319 2 2 5 1 684 719 203
320 2 2 5 1 670 725 204
321 2 2 5 1 643 651 191
322 2 2 5 1 663 720 199
323 2 2 5 1 668 723 671
324 2 2 5 1 631 737 633
325 2 2 5 1 688 719 691
326 2 2 5 1 704 723 197
327 2 2 5 1 690 726 205
328 2 2 5 1 244 724 696
329 2 2 5 1 682 725 685
330 2 2 5 1 242 736 645
331 2 2 5 1 245 726 659
332 2 2 5 1 651 652 191
333 2 2 5 1 676 677 194
334 2 2 5 1 663 721 720
335 2 2 5 1 13 733 201
336 2 2 5 1 712 715 6
337 2 2 5 1 56 699 693
338 2 2 5 1 664 724 15
339 2 2 5 1 1 269 247
340 2 2 5 1 32 718 248
341 2 2 5 1 142 1209 850
342 2 2 5 1 832 1161 1109
343 2 2 5 1 593 1206 729
344 2 2 5 1 745 1144 739
345 2 2 5 1 766 1115 515
346 2 2 5 1 109 1015 254
347 2 2 5 1 767 1059 190
348 2 2 5 1 968 1182 1055
349 2 2 5 1 705 1070 709
350 2 2 5 1 238 1158 1014
351 2 2 5 1 110 1017 1015
352 2 2 5 1 705 1089 1070
353 2 2 5 1 122 1012 229
354 2 2 5 1 264 1012 123
355 2 2 5 1 612 625 613
356 2 2 5 1 657 1068 192
357 2 2 5 1 678 1246 24
358 2 2 5 1 710 1184 711
359 2 2 5 1 695 731 694
360 2 2 5 1 702 706 703
361 2 2 5 1 709 1070 387
362 2 2 5 1 986 1170 985
363 2 2 5 1 649 1116 763
364 2 2 5 1 763 1236 649
365 2 2 5 1 218 1032 834
366 2 2 5 1 236 1095 958
367 2 2 5 1 670 1165 725
368 2 2 5 1 723 1166 671
369 2 2 5 1 725 1165 685
370 2 2 5 1 704 1166 723
371 2 2 5 1 625 626 613
372 2 2 5 1 519 1069 681
373 2 2 5 1 762 1198 1080
374 2 2 5 1 1054 1242 1053
375 2 2 5 1 1008 1085 630
376 2 2 5 1 614 1142 258
377 2 2 5 1 20 711 21
378 2 2 5 1 190 1059 269
379 2 2 5 1 234 1083 622
380 2 2 5 1 1018 1213 264
381 2 2 5 1 264 1159 1018
382 2 2 5 1 886 1145 1129
383 2 2 5 1 265 1075 1006
384 2 2 5 1 1068 1218 192
385 2 2 5 1 638 1096 636
386 2 2 5 1 1135 1149 691
387 2 2 5 1 1009 1176 742
388 2 2 5 1 615 1177 1153
389 2 2 5 1 855 856 224
390 2 2 5 1 947 1233 214
391 2 2 5 1 1157 1190 721
392 2 2 5 1 387 1071 709
393 2 2 5 1 214 1098 947
394 2 2 5 1 729 1206 661
395 2 2 5 1 1153 1177 208
396 2 2 5 1 268 1090 1045
397 2 2 5 1 724 1146 696
398 2 2 5 1 1051 1062 233
399 2 2 5 1 1006 1075 1007
400 2 2 5 1 1097 1224 579
401 2 2 5 1 523 1100 708
402 2 2 5 1 988 1099 987
403 2 2 5 1 1014 1162 238
404 2 2 5 1 509 1149 1135
405 2 2 5 1 764 1137 728
406 2 2 5 1 569 1060 619
407 2 2 5 1 1129 1145 211
408 2 2 5 1 622 1240 234
409 2 2 5 1 713 1131 1084
410 2 2 5 1 413 1141 692
411 2 2 5 1 1090 1194 1045
412 2 2 5 1 455 1106 642
413 2 2 5 1 681 1247 519
414 2 2 5 1 130 1170 986
415 2 2 5 1 635 1134 747
416 2 2 5 1 986 1171 130
417 2 2 5 1 257 1114 1050
418 2 2 5 1 635 1167 769
419 2 2 5 1 1051 1181 1062
420 2 2 5 1 224 1057 854
421 2 2 5 1 802 1215 221
422 2 2 5 1 769 1134 635
423 2 2 5 1 918 1039 262
424 2 2 5 1 834 1143 218
425 2 2 5 1 1114 1202 1050
426 2 2 5 1 624 1164 1053
427 2 2 5 1 692 1185 413
428 2 2 5 1 728 1076 500
429 2 2 5 1 642 1208 455
430 2 2 5 1 672 1086 1029
431 2 2 5 1 235 1125 628
432 2 2 5 1 221 1183 802
433 2 2 5 1 745 1164 900
434 2 2 5 1 256 1193 727
435 2 2 5 1 710 711 20
436 2 2 5 1 668 669 204
437 2 2 5 1 661 662 199
438 2 2 5 1 688 689 205
439 2 2 5 1 631 632 206
440 2 2 5 1 246 674 673
441 2 2 5 1 694 731 196
442 2 2 5 1 244 695 694
443 2 2 5 1 702 703 197
444 2 2 5 1 682 683 203
445 2 2 5 1 248 706 702
446 2 2 5 1 245 658 657
447 2 2 5 1 242 644 643
448 2 2 5 1 708 1230 523
449 2 2 5 1 878 1063 1061
450 2 2 5 1 1121 1140 885
451 2 2 5 1 738 1049 261
452 2 2 5 1 729 1150 593
453 2 2 5 1 714 717 716
454 2 2 5 1 765 1066 717
455 2 2 5 1 679 1186 750
456 2 2 5 1 254 1225 1005
457 2 2 5 1 731 1224 1097
458 2 2 5 1 267 999 998
459 2 2 5 1 706 1081 703
460 2 2 5 1 202 1228 627
461 2 2 5 1 1005 1174 254
462 2 2 5 1 464 819 741
463 2 2 5 1 262 1196 918
464 2 2 5 1 684 1187 719
465 2 2 5 1 719 1187 691
466 2 2 5 1 690 1188 726
467 2 2 5 1 726 1188 659
468 2 2 5 1 230 1101 981
469 2 2 5 1 849 1111 850
470 2 2 5 1 981 1065 230
471 2 2 5 1 5 712 6
472 2 2 5 1 12 733 13
473 2 2 5 1 14 664 15
474 2 2 5 1 55 699 56
475 2 2 5 1 19 710 20
476 2 2 5 1 64 269 1
477 2 2 5 1 31 718 32
478 2 2 5 1 4 735 200
479 2 2 5 1 37 668 204
480 2 2 5 1 43 688 205
481 2 2 5 1 60 631 206
482 2 2 5 1 193 737 58
483 2 2 5 1 23 673 194
484 2 2 5 1 203 719 41
485 2 2 5 1 57 693 193
486 2 2 5 1 10 661 199
487 2 2 5 1 198 729 8
488 2 2 5 1 18 694 196
489 2 2 5 1 7 715 198
490 2 2 5 1 30 656 202
491 2 2 5 1 195 732 28
492 2 2 5 1 40 682 203
493 2 2 5 1 199 720 11
494 2 2 5 1 192 736 48
495 2 2 5 1 197 723 35
496 2 2 5 1 204 725 38
497 2 2 5 1 246 673 22
498 2 2 5 1 244 694 17
499 2 2 5 1 205 726 44
500 2 2 5 1 59 737 631
501 2 2 5 1 42 719 688
502 2 2 5 1 34 702 197
503 2 2 5 1 51 643 191
504 2 2 5 1 9 729 661
505 2 2 5 1 47 657 192
506 2 2 5 1 16 724 244
507 2 2 5 1 36 723 668
508 2 2 5 1 29 732 656
509 2 2 5 1 39 725 682
510 2 2 5 1 247 735 3
511 2 2 5 1 49 736 242
512 2 2 5 1 45 726 245
513 2 2 5 1 248 702 33
514 2 2 5 1 242 643 50
515 2 2 5 1 245 657 46
516 2 2 5 1 627 1211 718
517 2 2 5 1 963 1109 255
518 2 2 5 1 730 1104 217
519 2 2 5 1 577 1097 579
520 2 2 5 1 255 1074 963
521 2 2 5 1 662 1206 751
522 2 2 5 1 727 1108 1042
523 2 2 5 1 714 1084 717
524 2 2 5 1 1030 1222 524
525 2 2 5 1 708 1081 706
526 2 2 5 1 703 1081 705
527 2 2 5 1 662 1023 663
528 2 2 5 1 270 271 247
529 2 2 5 1 652 653 191
530 2 2 5 1 677 678 194
531 2 2 5 1 663 722 721
532 2 2 5 1 651 746 652
533 2 2 5 1 834 1001 833
534 2 2 5 1 746 1058 513
535 2 2 5 1 741 819 613
536 2 2 5 1 651 1058 746
537 2 2 5 1 671 1071 672
538 2 2 5 1 799 1173 240
539 2 2 5 1 1035 1155 1130
540 2 2 5 1 626 741 613
541 2 2 5 1 241 1140 1121
542 2 2 5 1 1056 1117 968
543 2 2 5 1 855 857 856
544 2 2 5 1 734 1091 521
545 2 2 5 1 62 1060 63
546 2 2 5 1 741 997 464
547 2 2 5 1 647 1236 776
548 2 2 5 1 650 1218 1068
549 2 2 5 1 854 1057 614
550 2 2 5 1 1061 1063 859
551 2 2 5 1 889 890 229
552 2 2 5 1 740 1087 698
553 2 2 5 1 669 670 204
554 2 2 5 1 644 651 643
555 2 2 5 1 674 676 673
556 2 2 5 1 683 684 203
557 2 2 5 1 668 671 669
558 2 2 5 1 703 704 197
559 2 2 5 1 689 690 205
560 2 2 5 1 662 663 199
561 2 2 5 1 631 633 632
562 2 2 5 1 688 691 689
563 2 2 5 1 245 659 658
564 2 2 5 1 244 696 695
565 2 2 5 1 246 675 674
566 2 2 5 1 242 645 644
567 2 2 5 1 248 707 706
568 2 2 5 1 682 685 683
569 2 2 5 1 626 1020 741
570 2 2 5 1 748 1112 195
571 2 2 5 1 1008 1020 626
572 2 2 5 1 900 1144 745
573 2 2 5 1 223 745 744
574 2 2 5 1 240 1173 948
575 2 2 5 1 649 1236 647
576 2 2 5 1 752 1247 1212
577 2 2 5 1 900 1164 624
578 2 2 5 1 692 1199 690
579 2 2 5 1 1027 1067 249
580 2 2 5 1 219 1092 811
581 2 2 5 1 811 1138 219
582 2 2 5 1 270 272 271
583 2 2 5 1 652 654 653
584 2 2 5 1 677 679 678
585 2 2 5 1 732 1112 586
586 2 2 5 1 603 1220 1127
587 2 2 5 1 1036 1133 1101
588 2 2 5 1 752 1212 578
589 2 2 5 1 1036 1101 230
590 2 2 5 1 857 858 856
591 2 2 5 1 196 1097 710
592 2 2 5 1 258 1079 625
593 2 2 5 1 524 1119 1030
594 2 2 5 1 1037 1210 1124
595 2 2 5 1 948 1098 161
596 2 2 5 1 889 1012 620
597 2 2 5 1 227 1155 1035
598 2 2 5 1 693 1103 193
599 2 2 5 1 521 1237 734
600 2 2 5 1 586 1235 732
601 2 2 5 1 240 1169 799
602 2 2 5 1 659 660 658
603 2 2 5 1 671 672 669
604 2 2 5 1 707 708 706
605 2 2 5 1 645 646 644
606 2 2 5 1 696 697 695
607 2 2 5 1 633 634 632
608 2 2 5 1 675 681 674
609 2 2 5 1 685 686 683
610 2 2 5 1 689 692 690
611 2 2 5 1 703 705 704
612 2 2 5 1 217 1245 730
613 2 2 5 1 654 655 653
614 2 2 5 1 272 273 271
615 2 2 5 1 677 680 679
616 2 2 5 1 53 1110 54
617 2 2 5 1 857 859 858
618 2 2 5 1 660 734 658
619 2 2 5 1 697 698 695
620 2 2 5 1 634 635 632
621 2 2 5 1 645 647 646
622 2 2 5 1 685 687 686
623 2 2 5 1 696 728 697
624 2 2 5 1 705 709 704
625 2 2 5 1 633 636 634
626 2 2 5 1 273 598 271
627 2 2 5 1 272 274 273
628 2 2 5 1 276 989 273
629 2 2 5 1 645 648 647
630 2 2 5 1 633 637 636
631 2 2 5 1 697 740 698
632 2 2 5 1 748 773 585
633 2 2 5 1 585 773 544
634 2 2 5 1 545 749 586
635 2 2 5 1 272 275 274
636 2 2 5 1 274 276 273
637 2 2 5 1 514 775 750
638 2 2 5 1 273 989 598
639 2 2 5 1 751 778 525
640 2 2 5 1 752 779 519
641 2 2 5 1 545 757 749
642 2 2 5 1 753 780 523
643 2 2 5 1 355 755 518
644 2 2 5 1 529 757 366
645 2 2 5 1 509 754 409
646 2 2 5 1 544 773 755
647 2 2 5 1 349 775 514
648 2 2 5 1 648 649 647
649 2 2 5 1 637 638 636
650 2 2 5 1 308 756 520
651 2 2 5 1 749 757 529
652 2 2 5 1 312 758 537
653 2 2 5 1 384 761 387
654 2 2 5 1 570 768 506
655 2 2 5 1 357 755 355
656 2 2 5 1 525 778 300
657 2 2 5 1 471 769 470
658 2 2 5 1 579 770 527
659 2 2 5 1 519 779 337
660 2 2 5 1 434 759 433
661 2 2 5 1 423 763 521
662 2 2 5 1 399 760 398
663 2 2 5 1 316 764 500
664 2 2 5 1 594 772 531
665 2 2 5 1 523 780 372
666 2 2 5 1 531 772 294
667 2 2 5 1 283 765 487
668 2 2 5 1 542 767 569
669 2 2 5 1 527 770 331
670 2 2 5 1 506 768 476
671 2 2 5 1 442 762 441
672 2 2 5 1 366 757 363
673 2 2 5 1 343 766 515
674 2 2 5 1 542 569 506
675 2 2 5 1 409 754 407
676 2 2 5 1 548 602 529
677 2 2 5 1 547 577 527
678 2 2 5 1 546 592 531
679 2 2 5 1 567 608 603
680 2 2 5 1 545 586 585
681 2 2 5 1 545 585 544
682 2 2 5 1 582 767 542
683 2 2 5 1 488 506 476
684 2 2 5 1 750 775 543
685 2 2 5 1 543 775 354
686 2 2 5 1 546 778 751
687 2 2 5 1 518 567 543
688 2 2 5 1 569 619 570
689 2 2 5 1 368 529 366
690 2 2 5 1 546 593 592
691 2 2 5 1 362 545 544
692 2 2 5 1 333 527 331
693 2 2 5 1 296 531 294
694 2 2 5 1 407 524 405
695 2 2 5 1 296 778 546
696 2 2 5 1 302 525 300
697 2 2 5 1 439 513 437
698 2 2 5 1 488 542 506
699 2 2 5 1 296 546 531
700 2 2 5 1 468 818 791
701 2 2 5 1 547 578 577
702 2 2 5 1 362 544 360
703 2 2 5 1 411 509 409
704 2 2 5 1 339 519 337
705 2 2 5 1 548 627 602
706 2 2 5 1 567 603 543
707 2 2 5 1 333 547 527
708 2 2 5 1 368 548 529
709 2 2 5 1 547 779 752
710 2 2 5 1 447 499 445
711 2 2 5 1 407 754 524
712 2 2 5 1 374 523 372
713 2 2 5 1 433 776 429
714 2 2 5 1 333 779 547
715 2 2 5 1 343 515 341
716 2 2 5 1 308 520 306
717 2 2 5 1 755 773 518
718 2 2 5 1 518 543 354
719 2 2 5 1 394 777 391
720 2 2 5 1 290 765 285
721 2 2 5 1 487 771 281
722 2 2 5 1 323 764 318
723 2 2 5 1 428 763 425
724 2 2 5 1 368 780 548
725 2 2 5 1 390 761 386
726 2 2 5 1 281 771 279
727 2 2 5 1 378 516 376
728 2 2 5 1 548 780 753
729 2 2 5 1 453 486 451
730 2 2 5 1 345 766 343
731 2 2 5 1 386 761 384
732 2 2 5 1 314 758 312
733 2 2 5 1 312 537 310
734 2 2 5 1 417 536 415
735 2 2 5 1 285 765 283
736 2 2 5 1 425 763 423
737 2 2 5 1 500 758 314
738 2 2 5 1 318 764 316
739 2 2 5 1 310 756 308
740 2 2 5 1 476 768 474
741 2 2 5 1 355 518 354
742 2 2 5 1 384 387 382
743 2 2 5 1 537 756 310
744 2 2 5 1 445 762 442
745 2 2 5 1 791 818 588
746 2 2 5 1 349 514 347
747 2 2 5 1 429 776 428
748 2 2 5 1 474 769 471
749 2 2 5 1 391 777 390
750 2 2 5 1 423 521 421
751 2 2 5 1 405 760 399
752 2 2 5 1 361 362 360
753 2 2 5 1 316 500 314
754 2 2 5 1 294 772 291
755 2 2 5 1 331 770 328
756 2 2 5 1 283 487 281
757 2 2 5 1 437 759 434
758 2 2 5 1 353 354 351
759 2 2 5 1 648 650 649
760 2 2 5 1 460 462 457
761 2 2 5 1 389 390 386
762 2 2 5 1 569 570 506
763 2 2 5 1 322 323 318
764 2 2 5 1 637 639 638
765 2 2 5 1 360 755 357
766 2 2 5 1 499 762 445
767 2 2 5 1 438 439 437
768 2 2 5 1 465 466 463
769 2 2 5 1 295 296 294
770 2 2 5 1 393 394 391
771 2 2 5 1 328 770 327
772 2 2 5 1 359 360 357
773 2 2 5 1 351 775 349
774 2 2 5 1 367 368 366
775 2 2 5 1 289 290 285
776 2 2 5 1 332 333 331
777 2 2 5 1 619 747 570
778 2 2 5 1 326 327 324
779 2 2 5 1 427 428 425
780 2 2 5 1 431 433 429
781 2 2 5 1 288 837 836
782 2 2 5 1 469 470 467
783 2 2 5 1 440 441 439
784 2 2 5 1 291 772 290
785 2 2 5 1 475 476 474
786 2 2 5 1 602 749 529
787 2 2 5 1 406 407 405
788 2 2 5 1 577 579 527
789 2 2 5 1 397 398 395
790 2 2 5 1 524 760 405
791 2 2 5 1 477 488 476
792 2 2 5 1 301 302 300
793 2 2 5 1 567 773 748
794 2 2 5 1 293 294 291
795 2 2 5 1 567 748 608
796 2 2 5 1 408 409 407
797 2 2 5 1 436 437 434
798 2 2 5 1 103 208 102
799 2 2 5 1 92 209 91
800 2 2 5 1 156 228 155
801 2 2 5 1 107 227 106
802 2 2 5 1 88 230 87
803 2 2 5 1 122 229 121
804 2 2 5 1 148 231 147
805 2 2 5 1 330 331 328
806 2 2 5 1 96 226 95
807 2 2 5 1 809 820 805
808 2 2 5 1 118 215 117
809 2 2 5 1 139 225 138
810 2 2 5 1 132 220 131
811 2 2 5 1 173 224 172
812 2 2 5 1 166 221 165
813 2 2 5 1 178 222 177
814 2 2 5 1 84 216 83
815 2 2 5 1 79 218 78
816 2 2 5 1 144 219 143
817 2 2 5 1 72 217 71
818 2 2 5 1 185 223 184
819 2 2 5 1 561 582 542
820 2 2 5 1 365 366 363
821 2 2 5 1 126 211 125
822 2 2 5 1 152 213 151
823 2 2 5 1 112 210 111
824 2 2 5 1 65 212 2
825 2 2 5 1 160 214 159
826 2 2 5 1 69 236 68
827 2 2 5 1 181 235 180
828 2 2 5 1 135 233 134
829 2 2 5 1 170 238 169
830 2 2 5 1 75 234 74
831 2 2 5 1 100 232 99
832 2 2 5 1 404 405 399
833 2 2 5 1 592 594 531
834 2 2 5 1 338 339 337
835 2 2 5 1 513 759 437
836 2 2 5 1 410 411 409
837 2 2 5 1 105 250 104
838 2 2 5 1 90 252 89
839 2 2 5 1 94 249 93
840 2 2 5 1 86 251 85
841 2 2 5 1 120 256 119
842 2 2 5 1 146 259 145
843 2 2 5 1 154 253 153
844 2 2 5 1 158 262 157
845 2 2 5 1 124 264 123
846 2 2 5 1 150 265 149
847 2 2 5 1 183 261 182
848 2 2 5 1 168 260 167
849 2 2 5 1 137 267 136
850 2 2 5 1 77 266 76
851 2 2 5 1 67 263 66
852 2 2 5 1 98 268 97
853 2 2 5 1 473 474 471
854 2 2 5 1 109 254 108
855 2 2 5 1 82 255 81
856 2 2 5 1 176 258 175
857 2 2 5 1 141 257 140
858 2 2 5 1 768 769 474
859 2 2 5 1 303 304 302
860 2 2 5 1 299 300 297
861 2 2 5 1 460 463 462
862 2 2 5 1 518 773 567
863 2 2 5 1 188 239 187
864 2 2 5 1 115 237 114
865 2 2 5 1 163 240 162
866 2 2 5 1 129 241 128
867 2 2 5 1 340 341 339
868 2 2 5 1 300 778 297
869 2 2 5 1 373 374 372
870 2 2 5 1 446 447 445
871 2 2 5 1 305 306 304
872 2 2 5 1 353 355 354
873 2 2 5 1 336 337 334
874 2 2 5 1 354 775 351
875 2 2 5 1 494 781 526
876 2 2 5 1 544 755 360
877 2 2 5 1 412 413 411
878 2 2 5 1 375 376 374
879 2 2 5 1 389 391 390
880 2 2 5 1 363 757 362
881 2 2 5 1 322 324 323
882 2 2 5 1 800 801 797
883 2 2 5 1 371 372 369
884 2 2 5 1 444 445 442
885 2 2 5 1 362 757 545
886 2 2 5 1 337 779 334
887 2 2 5 1 494 526 479
888 2 2 5 1 808 809 805
889 2 2 5 1 359 361 360
890 2 2 5 1 465 467 466
891 2 2 5 1 342 343 341
892 2 2 5 1 307 308 306
893 2 2 5 1 274 277 276
894 2 2 5 1 526 774 479
895 2 2 5 1 448 449 447
896 2 2 5 1 836 837 605
897 2 2 5 1 427 429 428
898 2 2 5 1 393 395 394
899 2 2 5 1 414 415 413
900 2 2 5 1 377 378 376
901 2 2 5 1 289 291 290
902 2 2 5 1 372 780 369
903 2 2 5 1 326 328 327
904 2 2 5 1 431 434 433
905 2 2 5 1 361 363 362
906 2 2 5 1 450 451 449
907 2 2 5 1 546 751 593
908 2 2 5 1 344 345 343
909 2 2 5 1 416 417 415
910 2 2 5 1 309 310 308
911 2 2 5 1 452 453 451
912 2 2 5 1 397 399 398
913 2 2 5 1 379 380 378
914 2 2 5 1 795 914 842
915 2 2 5 1 418 419 417
916 2 2 5 1 603 750 543
917 2 2 5 1 547 752 578
918 2 2 5 1 555 904 839
919 2 2 5 1 436 438 437
920 2 2 5 1 346 347 345
921 2 2 5 1 293 295 294
922 2 2 5 1 381 382 380
923 2 2 5 1 311 312 310
924 2 2 5 1 330 332 331
925 2 2 5 1 295 297 296
926 2 2 5 1 454 455 453
927 2 2 5 1 774 787 561
928 2 2 5 1 365 367 366
929 2 2 5 1 438 440 439
930 2 2 5 1 469 471 470
931 2 2 5 1 383 384 382
932 2 2 5 1 348 349 347
933 2 2 5 1 313 314 312
934 2 2 5 1 548 753 627
935 2 2 5 1 367 369 368
936 2 2 5 1 332 334 333
937 2 2 5 1 404 406 405
938 2 2 5 1 842 914 443
939 2 2 5 1 297 778 296
940 2 2 5 1 488 774 561
941 2 2 5 1 488 561 542
942 2 2 5 1 350 351 349
943 2 2 5 1 287 562 497
944 2 2 5 1 473 475 474
945 2 2 5 1 420 421 419
946 2 2 5 1 440 442 441
947 2 2 5 1 406 408 407
948 2 2 5 1 299 301 300
949 2 2 5 1 278 279 276
950 2 2 5 1 334 779 333
951 2 2 5 1 315 316 314
952 2 2 5 1 385 386 384
953 2 2 5 1 477 774 488
954 2 2 5 1 408 410 409
955 2 2 5 1 475 477 476
956 2 2 5 1 639 641 640
957 2 2 5 1 456 457 455
958 2 2 5 1 839 904 485
959 2 2 5 1 336 338 337
960 2 2 5 1 369 780 368
961 2 2 5 1 301 303 302
962 2 2 5 1 280 281 279
963 2 2 5 1 422 423 421
964 2 2 5 1 800 802 801
965 2 2 5 1 352 353 351
966 2 2 5 1 338 340 339
967 2 2 5 1 808 810 809
968 2 2 5 1 424 425 423
969 2 2 5 1 317 318 316
970 2 2 5 1 282 283 281
971 2 2 5 1 444 446 445
972 2 2 5 1 410 412 411
973 2 2 5 1 526 787 774
974 2 2 5 1 371 373 372
975 2 2 5 1 388 389 386
976 2 2 5 1 303 305 304
977 2 2 5 1 284 285 283
978 2 2 5 1 459 460 457
979 2 2 5 1 559 915 851
980 2 2 5 1 340 342 341
981 2 2 5 1 373 375 374
982 2 2 5 1 464 465 463
983 2 2 5 1 305 307 306
984 2 2 5 1 446 448 447
985 2 2 5 1 321 322 318
986 2 2 5 1 612 613 534
987 2 2 5 1 375 377 376
988 2 2 5 1 412 414 413
989 2 2 5 1 801 914 797
990 2 2 5 1 356 357 355
991 2 2 5 1 550 588 587
992 2 2 5 1 392 393 391
993 2 2 5 1 426 427 425
994 2 2 5 1 588 629 628
995 2 2 5 1 539 781 494
996 2 2 5 1 599 600 535
997 2 2 5 1 430 431 429
998 2 2 5 1 325 326 324
999 2 2 5 1 448 450 449
1000 2 2 5 1 307 309 308
1001 2 2 5 1 342 344 343
1002 2 2 5 1 288 289 285
1003 2 2 5 1 414 416 415
1004 2 2 5 1 530 590 589
1005 2 2 5 1 358 359 357
1006 2 2 5 1 851 915 490
1007 2 2 5 1 468 469 467
1008 2 2 5 1 596 597 533
1009 2 2 5 1 377 379 378
1010 2 2 5 1 895 919 575
1011 2 2 5 1 450 452 451
1012 2 2 5 1 396 397 395
1013 2 2 5 1 532 605 604
1014 2 2 5 1 344 346 345
1015 2 2 5 1 605 607 606
1016 2 2 5 1 416 418 417
1017 2 2 5 1 292 293 291
1018 2 2 5 1 309 311 310
1019 2 2 5 1 435 436 434
1020 2 2 5 1 379 381 380
1021 2 2 5 1 452 454 453
1022 2 2 5 1 639 640 638
1023 2 2 5 1 329 330 328
1024 2 2 5 1 381 383 382
1025 2 2 5 1 418 420 419
1026 2 2 5 1 503 919 895
1027 2 2 5 1 785 786 783
1028 2 2 5 1 346 348 347
1029 2 2 5 1 311 313 312
1030 2 2 5 1 364 365 363
1031 2 2 5 1 403 404 399
1032 2 2 5 1 348 350 349
1033 2 2 5 1 566 824 511
1034 2 2 5 1 313 315 314
1035 2 2 5 1 454 456 455
1036 2 2 5 1 565 566 511
1037 2 2 5 1 383 385 384
1038 2 2 5 1 738 739 568
1039 2 2 5 1 350 352 351
1040 2 2 5 1 472 473 471
1041 2 2 5 1 298 299 297
1042 2 2 5 1 460 464 463
1043 2 2 5 1 796 797 795
1044 2 2 5 1 799 800 797
1045 2 2 5 1 335 336 334
1046 2 2 5 1 522 584 583
1047 2 2 5 1 420 422 421
1048 2 2 5 1 478 479 477
1049 2 2 5 1 385 388 386
1050 2 2 5 1 60 206 61
1051 2 2 5 1 30 202 31
1052 2 2 5 1 54 207 55
1053 2 2 5 1 43 205 44
1054 2 2 5 1 34 197 35
1055 2 2 5 1 40 203 41
1056 2 2 5 1 37 204 38
1057 2 2 5 1 51 191 52
1058 2 2 5 1 63 190 64
1059 2 2 5 1 10 199 11
1060 2 2 5 1 18 196 19
1061 2 2 5 1 57 193 58
1062 2 2 5 1 4 200 5
1063 2 2 5 1 7 198 8
1064 2 2 5 1 27 195 28
1065 2 2 5 1 47 192 48
1066 2 2 5 1 23 194 24
1067 2 2 5 1 13 201 14
1068 2 2 5 1 370 371 369
1069 2 2 5 1 278 280 279
1070 2 2 5 1 315 317 316
1071 2 2 5 1 584 611 610
1072 2 2 5 1 790 828 827
1073 2 2 5 1 807 808 805
1074 2 2 5 1 793 795 492
1075 2 2 5 1 422 424 423
1076 2 2 5 1 353 356 355
1077 2 2 5 1 595 615 555
1078 2 2 5 1 277 278 276
1079 2 2 5 1 21 246 22
1080 2 2 5 1 280 282 281
1081 2 2 5 1 322 325 324
1082 2 2 5 1 389 392 391
1083 2 2 5 1 554 555 498
1084 2 2 5 1 16 244 17
1085 2 2 5 1 427 430 429
1086 2 2 5 1 424 426 425
1087 2 2 5 1 3 735 4
1088 2 2 5 1 456 459 457
1089 2 2 5 1 804 805 482
1090 2 2 5 1 493 494 479
1091 2 2 5 1 36 668 37
1092 2 2 5 1 443 444 442
1093 2 2 5 1 42 688 43
1094 2 2 5 1 528 572 571
1095 2 2 5 1 59 631 60
1096 2 2 5 1 613 819 534
1097 2 2 5 1 510 575 574
1098 2 2 5 1 58 737 59
1099 2 2 5 1 22 673 23
1100 2 2 5 1 517 560 540
1101 2 2 5 1 41 719 42
1102 2 2 5 1 56 693 57
1103 2 2 5 1 9 661 10
1104 2 2 5 1 8 729 9
1105 2 2 5 1 17 694 18
1106 2 2 5 1 465 468 467
1107 2 2 5 1 282 284 283
1108 2 2 5 1 6 715 7
1109 2 2 5 1 29 656 30
1110 2 2 5 1 317 321 318
1111 2 2 5 1 28 732 29
1112 2 2 5 1 39 682 40
1113 2 2 5 1 11 720 12
1114 2 2 5 1 289 292 291
1115 2 2 5 1 48 736 49
1116 2 2 5 1 35 723 36
1117 2 2 5 1 816 817 814
1118 2 2 5 1 557 559 507
1119 2 2 5 1 641 642 640
1120 2 2 5 1 15 724 16
1121 2 2 5 1 38 725 39
1122 2 2 5 1 393 396 395
1123 2 2 5 1 538 539 494
1124 2 2 5 1 479 774 477
1125 2 2 5 1 588 818 629
1126 2 2 5 1 575 609 576
1127 2 2 5 1 588 628 587
1128 2 2 5 1 44 726 45
1129 2 2 5 1 431 435 434
1130 2 2 5 1 620 621 559
1131 2 2 5 1 813 814 402
1132 2 2 5 1 33 702 34
1133 2 2 5 1 50 643 51
1134 2 2 5 1 46 657 47
1135 2 2 5 1 284 288 285
1136 2 2 5 1 326 329 328
1137 2 2 5 1 49 242 50
1138 2 2 5 1 32 248 33
1139 2 2 5 1 45 245 46
1140 2 2 5 1 1 247 3
1141 2 2 5 1 25 243 26
1142 2 2 5 1 361 364 363
1143 2 2 5 1 629 630 628
1144 2 2 5 1 397 403 399
1145 2 2 5 1 358 505 359
1146 2 2 5 1 356 358 357
1147 2 2 5 1 555 839 498
1148 2 2 5 1 436 492 438
1149 2 2 5 1 881 884 883
1150 2 2 5 1 550 791 588
1151 2 2 5 1 295 298 297
1152 2 2 5 1 200 712 5
1153 2 2 5 1 277 287 286
1154 2 2 5 1 459 819 460
1155 2 2 5 1 846 847 845
1156 2 2 5 1 201 664 14
1157 2 2 5 1 332 335 334
1158 2 2 5 1 367 370 369
1159 2 2 5 1 600 821 535
1160 2 2 5 1 605 606 604
1161 2 2 5 1 404 482 406
1162 2 2 5 1 616 618 541
1163 2 2 5 1 538 624 623
1164 2 2 5 1 388 821 389
1165 2 2 5 1 207 699 55
1166 2 2 5 1 196 710 19
1167 2 2 5 1 607 730 606
1168 2 2 5 1 560 855 854
1169 2 2 5 1 808 811 810
1170 2 2 5 1 871 875 873
1171 2 2 5 1 469 472 471
1172 2 2 5 1 392 782 393
1173 2 2 5 1 321 823 322
1174 2 2 5 1 720 733 12
1175 2 2 5 1 478 504 493
1176 2 2 5 1 426 788 427
1177 2 2 5 1 563 617 616
1178 2 2 5 1 190 269 64
1179 2 2 5 1 202 718 31
1180 2 2 5 1 873 874 872
1181 2 2 5 1 912 959 954
1182 2 2 5 1 440 443 442
1183 2 2 5 1 861 865 863
1184 2 2 5 1 475 478 477
1185 2 2 5 1 497 563 541
1186 2 2 5 1 299 402 301
1187 2 2 5 1 292 511 293
1188 2 2 5 1 338 485 340
1189 2 2 5 1 863 864 862
1190 2 2 5 1 329 512 330
1191 2 2 5 1 472 549 473
1192 2 2 5 1 472 550 549
1193 2 2 5 1 364 501 365
1194 2 2 5 1 883 885 882
1195 2 2 5 1 478 493 479
1196 2 2 5 1 597 823 533
1197 2 2 5 1 303 320 305
1198 2 2 5 1 287 497 495
1199 2 2 5 1 796 799 797
1200 2 2 5 1 410 461 412
1201 2 2 5 1 444 489 446
1202 2 2 5 1 373 490 375
1203 2 2 5 1 795 842 492
1204 2 2 5 1 201 667 665
1205 2 2 5 1 793 796 795
1206 2 2 5 1 804 807 805
1207 2 2 5 1 468 791 469
1208 2 2 5 1 559 851 507
1209 2 2 5 1 207 742 700
1210 2 2 5 1 530 835 590
1211 2 2 5 1 493 538 494
1212 2 2 5 1 335 553 498
1213 2 2 5 1 435 792 436
1214 2 2 5 1 584 610 583
1215 2 2 5 1 793 798 796
1216 2 2 5 1 427 788 430
1217 2 2 5 1 554 595 555
1218 2 2 5 1 335 498 336
1219 2 2 5 1 342 484 344
1220 2 2 5 1 550 587 568
1221 2 2 5 1 393 782 396
1222 2 2 5 1 406 820 408
1223 2 2 5 1 538 623 539
1224 2 2 5 1 329 530 512
1225 2 2 5 1 414 432 416
1226 2 2 5 1 448 491 450
1227 2 2 5 1 370 556 507
1228 2 2 5 1 292 532 511
1229 2 2 5 1 556 558 557
1230 2 2 5 1 553 591 554
1231 2 2 5 1 430 869 431
1232 2 2 5 1 460 819 464
1233 2 2 5 1 528 535 388
1234 2 2 5 1 352 840 353
1235 2 2 5 1 844 845 843
1236 2 2 5 1 495 496 286
1237 2 2 5 1 403 803 404
1238 2 2 5 1 575 576 574
1239 2 2 5 1 325 835 326
1240 2 2 5 1 389 821 392
1241 2 2 5 1 353 840 356
1242 2 2 5 1 364 552 501
1243 2 2 5 1 370 507 371
1244 2 2 5 1 377 401 379
1245 2 2 5 1 813 816 814
1246 2 2 5 1 790 903 828
1247 2 2 5 1 557 620 559
1248 2 2 5 1 452 481 454
1249 2 2 5 1 322 823 325
1250 2 2 5 1 346 503 348
1251 2 2 5 1 309 319 311
1252 2 2 5 1 396 853 397
1253 2 2 5 1 517 534 459
1254 2 2 5 1 552 581 564
1255 2 2 5 1 788 789 430
1256 2 2 5 1 418 458 420
1257 2 2 5 1 356 508 358
1258 2 2 5 1 510 551 352
1259 2 2 5 1 317 522 321
1260 2 2 5 1 871 872 484
1261 2 2 5 1 422 502 424
1262 2 2 5 1 350 510 352
1263 2 2 5 1 861 862 432
1264 2 2 5 1 288 836 289
1265 2 2 5 1 381 483 383
1266 2 2 5 1 782 783 396
1267 2 2 5 1 530 589 573
1268 2 2 5 1 571 599 535
1269 2 2 5 1 665 666 664
1270 2 2 5 1 385 528 388
1271 2 2 5 1 522 533 321
1272 2 2 5 1 574 580 551
1273 2 2 5 1 532 836 605
1274 2 2 5 1 313 480 315
1275 2 2 5 1 812 815 813
1276 2 2 5 1 837 838 607
1277 2 2 5 1 540 612 534
1278 2 2 5 1 700 701 699
1279 2 2 5 1 426 790 788
1280 2 2 5 1 605 837 607
1281 2 2 5 1 881 882 401
1282 2 2 5 1 803 806 804
1283 2 2 5 1 435 794 792
1284 2 2 5 1 532 604 565
1285 2 2 5 1 456 517 459
1286 2 2 5 1 550 568 549
1287 2 2 5 1 289 836 292
1288 2 2 5 1 282 400 284
1289 2 2 5 1 884 886 883
1290 2 2 5 1 583 596 533
1291 2 2 5 1 713 714 712
1292 2 2 5 1 587 738 568
1293 2 2 5 1 563 616 541
1294 2 2 5 1 784 785 783
1295 2 2 5 1 846 848 847
1296 2 2 5 1 581 727 564
1297 2 2 5 1 782 784 783
1298 2 2 5 1 298 812 299
1299 2 2 5 1 277 286 278
1300 2 2 5 1 530 573 512
1301 2 2 5 1 565 833 566
1302 2 2 5 1 532 565 511
1303 2 2 5 1 522 583 533
1304 2 2 5 1 863 866 864
1305 2 2 5 1 844 846 845
1306 2 2 5 1 553 554 498
1307 2 2 5 1 552 564 501
1308 2 2 5 1 326 835 329
1309 2 2 5 1 604 622 565
1310 2 2 5 1 556 557 507
1311 2 2 5 1 469 791 472
1312 2 2 5 1 528 571 535
1313 2 2 5 1 879 923 458
1314 2 2 5 1 571 601 599
1315 2 2 5 1 510 574 551
1316 2 2 5 1 786 853 783
1317 2 2 5 1 871 873 872
1318 2 2 5 1 522 905 584
1319 2 2 5 1 540 614 612
1320 2 2 5 1 809 916 820
1321 2 2 5 1 497 541 495
1322 2 2 5 1 517 540 534
1323 2 2 5 1 287 495 286
1324 2 2 5 1 861 863 862
1325 2 2 5 1 436 792 492
1326 2 2 5 1 881 883 882
1327 2 2 5 1 893 928 483
1328 2 2 5 1 404 803 482
1329 2 2 5 1 505 822 359
1330 2 2 5 1 200 713 712
1331 2 2 5 1 862 923 879
1332 2 2 5 1 207 700 699
1333 2 2 5 1 534 819 459
1334 2 2 5 1 431 869 435
1335 2 2 5 1 359 822 361
1336 2 2 5 1 865 899 898
1337 2 2 5 1 814 852 402
1338 2 2 5 1 201 665 664
1339 2 2 5 1 792 793 492
1340 2 2 5 1 805 820 482
1341 2 2 5 1 882 928 893
1342 2 2 5 1 803 804 482
1343 2 2 5 1 397 853 403
1344 2 2 5 1 293 824 295
1345 2 2 5 1 742 743 700
1346 2 2 5 1 528 902 572
1347 2 2 5 1 510 895 575
1348 2 2 5 1 299 812 402
1349 2 2 5 1 560 854 540
1350 2 2 5 1 535 821 388
1351 2 2 5 1 330 829 332
1352 2 2 5 1 517 901 560
1353 2 2 5 1 305 843 307
1354 2 2 5 1 336 839 338
1355 2 2 5 1 365 830 367
1356 2 2 5 1 533 823 321
1357 2 2 5 1 356 840 508
1358 2 2 5 1 812 813 402
1359 2 2 5 1 549 841 473
1360 2 2 5 1 292 836 532
1361 2 2 5 1 473 841 475
1362 2 2 5 1 945 946 944
1363 2 2 5 1 789 869 430
1364 2 2 5 1 511 824 293
1365 2 2 5 1 860 921 861
1366 2 2 5 1 615 904 555
1367 2 2 5 1 558 890 889
1368 2 2 5 1 482 820 406
1369 2 2 5 1 371 851 373
1370 2 2 5 1 512 829 330
1371 2 2 5 1 438 842 440
1372 2 2 5 1 825 826 789
1373 2 2 5 1 280 876 282
1374 2 2 5 1 501 830 365
1375 2 2 5 1 329 835 530
1376 2 2 5 1 783 853 396
1377 2 2 5 1 412 860 414
1378 2 2 5 1 472 791 550
1379 2 2 5 1 790 827 825
1380 2 2 5 1 340 870 342
1381 2 2 5 1 446 867 448
1382 2 2 5 1 408 916 410
1383 2 2 5 1 301 852 303
1384 2 2 5 1 361 822 364
1385 2 2 5 1 498 839 336
1386 2 2 5 1 375 880 377
1387 2 2 5 1 794 892 891
1388 2 2 5 1 815 831 813
1389 2 2 5 1 461 921 860
1390 2 2 5 1 450 878 452
1391 2 2 5 1 295 824 298
1392 2 2 5 1 911 912 496
1393 2 2 5 1 416 879 418
1394 2 2 5 1 344 888 346
1395 2 2 5 1 549 922 841
1396 2 2 5 1 507 851 371
1397 2 2 5 1 788 825 789
1398 2 2 5 1 551 840 352
1399 2 2 5 1 837 935 838
1400 2 2 5 1 790 825 788
1401 2 2 5 1 332 829 335
1402 2 2 5 1 478 841 504
1403 2 2 5 1 622 833 565
1404 2 2 5 1 379 893 381
1405 2 2 5 1 367 830 370
1406 2 2 5 1 512 925 829
1407 2 2 5 1 492 842 438
1408 2 2 5 1 475 841 478
1409 2 2 5 1 435 869 794
1410 2 2 5 1 797 914 795
1411 2 2 5 1 307 917 309
1412 2 2 5 1 806 849 804
1413 2 2 5 1 501 930 830
1414 2 2 5 1 831 832 816
1415 2 2 5 1 849 850 807
1416 2 2 5 1 338 839 485
1417 2 2 5 1 813 831 816
1418 2 2 5 1 348 895 350
1419 2 2 5 1 865 898 863
1420 2 2 5 1 311 896 313
1421 2 2 5 1 538 900 624
1422 2 2 5 1 505 931 822
1423 2 2 5 1 739 922 568
1424 2 2 5 1 558 889 557
1425 2 2 5 1 504 900 493
1426 2 2 5 1 591 887 554
1427 2 2 5 1 621 915 559
1428 2 2 5 1 440 842 443
1429 2 2 5 1 804 849 807
1430 2 2 5 1 793 891 798
1431 2 2 5 1 373 851 490
1432 2 2 5 1 908 909 505
1433 2 2 5 1 383 902 385
1434 2 2 5 1 540 854 614
1435 2 2 5 1 278 894 280
1436 2 2 5 1 402 852 301
1437 2 2 5 1 320 843 305
1438 2 2 5 1 485 870 340
1439 2 2 5 1 454 901 456
1440 2 2 5 1 872 888 484
1441 2 2 5 1 862 879 432
1442 2 2 5 1 618 911 541
1443 2 2 5 1 410 916 461
1444 2 2 5 1 335 829 553
1445 2 2 5 1 489 867 446
1446 2 2 5 1 424 903 426
1447 2 2 5 1 508 910 908
1448 2 2 5 1 315 905 317
1449 2 2 5 1 420 906 422
1450 2 2 5 1 461 860 412
1451 2 2 5 1 820 916 408
1452 2 2 5 1 490 880 375
1453 2 2 5 1 303 852 320
1454 2 2 5 1 342 870 484
1455 2 2 5 1 554 887 595
1456 2 2 5 1 370 830 556
1457 2 2 5 1 414 860 432
1458 2 2 5 1 794 891 792
1459 2 2 5 1 882 893 401
1460 2 2 5 1 364 822 552
1461 2 2 5 1 557 889 620
1462 2 2 5 1 448 867 491
1463 2 2 5 1 282 876 400
1464 2 2 5 1 489 868 867
1465 2 2 5 1 432 879 416
1466 2 2 5 1 377 880 401
1467 2 2 5 1 491 878 450
1468 2 2 5 1 484 888 344
1469 2 2 5 1 452 878 481
1470 2 2 5 1 860 861 432
1471 2 2 5 1 320 844 843
1472 2 2 5 1 493 900 538
1473 2 2 5 1 870 871 484
1474 2 2 5 1 418 879 458
1475 2 2 5 1 346 888 503
1476 2 2 5 1 880 881 401
1477 2 2 5 1 906 907 502
1478 2 2 5 1 863 898 866
1479 2 2 5 1 350 895 510
1480 2 2 5 1 358 908 505
1481 2 2 5 1 792 891 793
1482 2 2 5 1 841 922 504
1483 2 2 5 1 381 893 483
1484 2 2 5 1 896 897 480
1485 2 2 5 1 401 893 379
1486 2 2 5 1 426 903 790
1487 2 2 5 1 503 895 348
1488 2 2 5 1 584 939 611
1489 2 2 5 1 496 894 286
1490 2 2 5 1 309 917 319
1491 2 2 5 1 876 877 400
1492 2 2 5 1 313 896 480
1493 2 2 5 1 319 896 311
1494 2 2 5 1 502 903 424
1495 2 2 5 1 317 905 522
1496 2 2 5 1 483 902 383
1497 2 2 5 1 495 911 496
1498 2 2 5 1 286 894 278
1499 2 2 5 1 481 901 454
1500 2 2 5 1 385 902 528
1501 2 2 5 1 508 908 358
1502 2 2 5 1 422 906 502
1503 2 2 5 1 480 905 315
1504 2 2 5 1 458 906 420
1505 2 2 5 1 456 901 517
1506 2 2 5 1 782 920 784
1507 2 2 5 1 917 949 319
1508 2 2 5 1 700 913 701
1509 2 2 5 1 443 938 444
1510 2 2 5 1 954 959 877
1511 2 2 5 1 541 911 495
1512 2 2 5 1 829 925 553
1513 2 2 5 1 817 943 814
1514 2 2 5 1 909 942 931
1515 2 2 5 1 843 917 307
1516 2 2 5 1 830 930 556
1517 2 2 5 1 575 919 609
1518 2 2 5 1 789 927 869
1519 2 2 5 1 280 894 876
1520 2 2 5 1 881 953 884
1521 2 2 5 1 801 938 914
1522 2 2 5 1 821 920 392
1523 2 2 5 1 822 931 552
1524 2 2 5 1 812 926 815
1525 2 2 5 1 743 913 700
1526 2 2 5 1 803 932 806
1527 2 2 5 1 845 917 843
1528 2 2 5 1 869 927 794
1529 2 2 5 1 566 926 824
1530 2 2 5 1 871 951 875
1531 2 2 5 1 914 938 443
1532 2 2 5 1 935 975 838
1533 2 2 5 1 392 920 782
1534 2 2 5 1 864 924 923
1535 2 2 5 1 840 933 508
1536 2 2 5 1 284 935 288
1537 2 2 5 1 903 936 828
1538 2 2 5 1 931 942 581
1539 2 2 5 1 885 929 928
1540 2 2 5 1 861 921 865
1541 2 2 5 1 909 931 505
1542 2 2 5 1 853 932 403
1543 2 2 5 1 325 934 835
1544 2 2 5 1 600 920 821
1545 2 2 5 1 551 933 840
1546 2 2 5 1 288 935 837
1547 2 2 5 1 835 934 590
1548 2 2 5 1 824 926 298
1549 2 2 5 1 568 922 549
1550 2 2 5 1 580 933 551
1551 2 2 5 1 825 918 826
1552 2 2 5 1 827 918 825
1553 2 2 5 1 864 923 862
1554 2 2 5 1 874 961 872
1555 2 2 5 1 845 949 917
1556 2 2 5 1 810 966 809
1557 2 2 5 1 885 928 882
1558 2 2 5 1 794 927 892
1559 2 2 5 1 298 926 812
1560 2 2 5 1 573 925 512
1561 2 2 5 1 502 936 903
1562 2 2 5 1 553 925 591
1563 2 2 5 1 905 939 584
1564 2 2 5 1 564 930 501
1565 2 2 5 1 907 937 936
1566 2 2 5 1 556 930 558
1567 2 2 5 1 826 927 789
1568 2 2 5 1 552 931 581
1569 2 2 5 1 786 932 853
1570 2 2 5 1 403 932 803
1571 2 2 5 1 802 969 801
1572 2 2 5 1 823 934 325
1573 2 2 5 1 959 960 877
1574 2 2 5 1 480 939 905
1575 2 2 5 1 912 954 496
1576 2 2 5 1 508 933 910
1577 2 2 5 1 814 943 852
1578 2 2 5 1 852 943 320
1579 2 2 5 1 940 941 909
1580 2 2 5 1 400 935 284
1581 2 2 5 1 847 950 949
1582 2 2 5 1 444 938 489
1583 2 2 5 1 817 962 943
1584 2 2 5 1 597 934 823
1585 2 2 5 1 907 936 502
1586 2 2 5 1 951 970 875
1587 2 2 5 1 947 948 798
1588 2 2 5 1 564 952 930
1589 2 2 5 1 868 945 944
1590 2 2 5 1 953 972 884
1591 2 2 5 1 847 949 845
1592 2 2 5 1 897 939 480
1593 2 2 5 1 930 952 558
1594 2 2 5 1 320 943 844
1595 2 2 5 1 941 942 909
1596 2 2 5 1 957 958 912
1597 2 2 5 1 929 964 928
1598 2 2 5 1 924 955 923
1599 2 2 5 1 558 952 890
1600 2 2 5 1 908 940 909
1601 2 2 5 1 894 954 876
1602 2 2 5 1 910 940 908
1603 2 2 5 1 892 947 891
1604 2 2 5 1 496 954 894
1605 2 2 5 1 802 974 969
1606 2 2 5 1 874 979 961
1607 2 2 5 1 727 952 564
1608 2 2 5 1 868 944 867
1609 2 2 5 1 904 951 485
1610 2 2 5 1 867 944 491
1611 2 2 5 1 817 963 962
1612 2 2 5 1 891 947 798
1613 2 2 5 1 870 951 871
1614 2 2 5 1 943 962 844
1615 2 2 5 1 880 953 881
1616 2 2 5 1 876 954 877
1617 2 2 5 1 915 953 490
1618 2 2 5 1 485 951 870
1619 2 2 5 1 958 959 912
1620 2 2 5 1 490 953 880
1621 2 2 5 1 275 984 274
1622 2 2 5 1 896 956 897
1623 2 2 5 1 924 978 955
1624 2 2 5 1 906 955 907
1625 2 2 5 1 801 969 938
1626 2 2 5 1 911 957 912
1627 2 2 5 1 844 962 846
1628 2 2 5 1 904 970 951
1629 2 2 5 1 287 984 562
1630 2 2 5 1 938 969 489
1631 2 2 5 1 916 966 461
1632 2 2 5 1 865 982 899
1633 2 2 5 1 458 955 906
1634 2 2 5 1 618 957 911
1635 2 2 5 1 319 956 896
1636 2 2 5 1 950 956 949
1637 2 2 5 1 915 972 953
1638 2 2 5 1 902 964 572
1639 2 2 5 1 923 955 458
1640 2 2 5 1 503 961 919
1641 2 2 5 1 483 964 902
1642 2 2 5 1 928 964 483
1643 2 2 5 1 888 961 503
1644 2 2 5 1 400 975 935
1645 2 2 5 1 872 961 888
1646 2 2 5 1 274 984 277
1647 2 2 5 1 955 978 907
1648 2 2 5 1 809 966 916
1649 2 2 5 1 949 956 319
1650 2 2 5 1 810 982 966
1651 2 2 5 1 956 980 897
1652 2 2 5 1 461 966 921
1653 2 2 5 1 489 969 868
1654 2 2 5 1 950 980 956
1655 2 2 5 1 961 979 919
1656 2 2 5 1 950 981 980
1657 2 2 5 1 927 965 892
1658 2 2 5 1 969 974 868
1659 2 2 5 1 826 965 927
1660 2 2 5 1 615 970 904
1661 2 2 5 1 573 967 925
1662 2 2 5 1 580 968 933
1663 2 2 5 1 925 967 591
1664 2 2 5 1 877 975 400
1665 2 2 5 1 621 972 915
1666 2 2 5 1 937 971 936
1667 2 2 5 1 933 968 910
1668 2 2 5 1 920 973 784
1669 2 2 5 1 939 977 611
1670 2 2 5 1 868 974 945
1671 2 2 5 1 960 975 877
1672 2 2 5 1 907 978 937
1673 2 2 5 1 932 976 806
1674 2 2 5 1 936 971 828
1675 2 2 5 1 600 973 920
1676 2 2 5 1 966 982 921
1677 2 2 5 1 919 979 609
1678 2 2 5 1 897 977 939
1679 2 2 5 1 786 976 932
1680 2 2 5 1 921 982 865
1681 2 2 5 1 277 984 287
1682 2 2 5 1 934 983 590
1683 2 2 5 1 597 983 934
1684 2 2 5 1 897 980 977
1685 2 2 5 1 929 986 985
1686 2 2 5 1 1037 1124 209
1687 2 2 5 1 225 1021 999
1688 2 2 5 1 929 985 964
1689 2 2 5 1 279 989 276
1690 2 2 5 1 960 988 987
1691 2 2 5 1 964 985 572
1692 2 2 5 1 975 987 838
1693 2 2 5 1 787 991 990
1694 2 2 5 1 960 987 975
1695 2 2 5 1 771 989 279
1696 2 2 5 1 787 990 561
1697 2 2 5 1 781 992 526
1698 2 2 5 1 497 993 563
1699 2 2 5 1 781 993 992
1700 2 2 5 1 993 994 563
1701 2 2 5 1 984 991 562
1702 2 2 5 1 563 994 617
1703 2 2 5 1 994 995 617
1704 2 2 5 1 990 991 275
1705 2 2 5 1 464 997 465
1706 2 2 5 1 468 997 818
1707 2 2 5 1 561 990 582
1708 2 2 5 1 991 992 562
1709 2 2 5 1 275 991 984
1710 2 2 5 1 995 996 617
1711 2 2 5 1 270 1000 272
1712 2 2 5 1 913 1002 486
1713 2 2 5 1 526 992 787
1714 2 2 5 1 973 998 784
1715 2 2 5 1 992 993 562
1716 2 2 5 1 562 993 497
1717 2 2 5 1 787 992 991
1718 2 2 5 1 781 994 993
1719 2 2 5 1 539 994 781
1720 2 2 5 1 539 995 994
1721 2 2 5 1 623 995 539
1722 2 2 5 1 833 1001 566
1723 2 2 5 1 926 1001 815
1724 2 2 5 1 229 1012 889
1725 2 2 5 1 998 999 785
1726 2 2 5 1 465 997 468
1727 2 2 5 1 272 1000 275
1728 2 2 5 1 990 1000 582
1729 2 2 5 1 269 1059 270
1730 2 2 5 1 784 998 785
1731 2 2 5 1 27 1123 195
1732 2 2 5 1 243 1123 26
1733 2 2 5 1 486 1002 451
1734 2 2 5 1 566 1001 926
1735 2 2 5 1 275 1000 990
1736 2 2 5 1 855 1011 857
1737 2 2 5 1 1141 1199 692
1738 2 2 5 1 395 1003 394
1739 2 2 5 1 743 1002 913
1740 2 2 5 1 924 1007 978
1741 2 2 5 1 866 1006 864
1742 2 2 5 1 641 1073 642
1743 2 2 5 1 61 1132 62
1744 2 2 5 1 447 1010 499
1745 2 2 5 1 560 1011 855
1746 2 2 5 1 481 1011 901
1747 2 2 5 1 451 1002 449
1748 2 2 5 1 1003 1028 394
1749 2 2 5 1 828 1016 827
1750 2 2 5 1 743 1010 1002
1751 2 2 5 1 997 1020 818
1752 2 2 5 1 1014 1158 946
1753 2 2 5 1 848 1019 847
1754 2 2 5 1 950 1019 981
1755 2 2 5 1 398 1003 395
1756 2 2 5 1 741 1020 997
1757 2 2 5 1 786 1021 976
1758 2 2 5 1 887 1004 595
1759 2 2 5 1 846 1022 848
1760 2 2 5 1 963 1022 962
1761 2 2 5 1 999 1021 785
1762 2 2 5 1 210 1017 111
1763 2 2 5 1 111 1017 110
1764 2 2 5 1 858 1168 856
1765 2 2 5 1 811 1024 810
1766 2 2 5 1 982 1024 899
1767 2 2 5 1 1002 1010 449
1768 2 2 5 1 1015 1017 576
1769 2 2 5 1 874 1005 979
1770 2 2 5 1 524 1222 760
1771 2 2 5 1 243 1220 1123
1772 2 2 5 1 1026 1027 226
1773 2 2 5 1 24 1246 25
1774 2 2 5 1 1001 1032 815
1775 2 2 5 1 864 1006 924
1776 2 2 5 1 470 1025 467
1777 2 2 5 1 590 1026 589
1778 2 2 5 1 687 1028 1003
1779 2 2 5 1 629 1008 630
1780 2 2 5 1 887 1156 232
1781 2 2 5 1 1017 1118 576
1782 2 2 5 1 571 1031 601
1783 2 2 5 1 985 1031 572
1784 2 2 5 1 834 1032 1001
1785 2 2 5 1 654 1009 655
1786 2 2 5 1 449 1010 447
1787 2 2 5 1 901 1011 560
1788 2 2 5 1 582 1059 767
1789 2 2 5 1 799 1013 800
1790 2 2 5 1 945 1014 946
1791 2 2 5 1 736 1218 648
1792 2 2 5 1 737 1217 637
1793 2 2 5 1 1012 1213 620
1794 2 2 5 1 878 1061 481
1795 2 2 5 1 629 1020 1008
1796 2 2 5 1 580 1182 968
1797 2 2 5 1 609 1015 576
1798 2 2 5 1 663 1023 722
1799 2 2 5 1 971 1016 828
1800 2 2 5 1 267 1189 999
1801 2 2 5 1 859 1063 946
1802 2 2 5 1 621 1018 972
1803 2 2 5 1 1006 1007 924
1804 2 2 5 1 599 1062 600
1805 2 2 5 1 698 1224 731
1806 2 2 5 1 742 1110 655
1807 2 2 5 1 491 1063 878
1808 2 2 5 1 946 1063 944
1809 2 2 5 1 847 1019 950
1810 2 2 5 1 594 1066 772
1811 2 2 5 1 290 1066 765
1812 2 2 5 1 596 1067 597
1813 2 2 5 1 818 1020 629
1814 2 2 5 1 983 1027 1026
1815 2 2 5 1 339 1069 519
1816 2 2 5 1 515 1069 341
1817 2 2 5 1 387 1070 382
1818 2 2 5 1 500 1076 758
1819 2 2 5 1 785 1021 786
1820 2 2 5 1 1028 1029 777
1821 2 2 5 1 962 1022 846
1822 2 2 5 1 913 1073 701
1823 2 2 5 1 810 1024 982
1824 2 2 5 1 598 1221 735
1825 2 2 5 1 983 1067 1027
1826 2 2 5 1 740 1244 1087
1827 2 2 5 1 192 1218 736
1828 2 2 5 1 193 1217 737
1829 2 2 5 1 270 1059 1000
1830 2 2 5 1 671 1166 1071
1831 2 2 5 1 390 1086 761
1832 2 2 5 1 579 1087 770
1833 2 2 5 1 467 1025 466
1834 2 2 5 1 378 1089 516
1835 2 2 5 1 683 1030 684
1836 2 2 5 1 323 1244 740
1837 2 2 5 1 983 1026 590
1838 2 2 5 1 687 1147 686
1839 2 2 5 1 266 1143 834
1840 2 2 5 1 573 1090 967
1841 2 2 5 1 521 1091 421
1842 2 2 5 1 394 1028 777
1843 2 2 5 1 686 1030 683
1844 2 2 5 1 1135 1187 1119
1845 2 2 5 1 1201 1242 239
1846 2 2 5 1 210 1118 1017
1847 2 2 5 1 487 1084 771
1848 2 2 5 1 1029 1086 777
1849 2 2 5 1 572 1031 571
1850 2 2 5 1 1057 1142 614
1851 2 2 5 1 815 1032 831
1852 2 2 5 1 958 1095 959
1853 2 2 5 1 960 1095 988
1854 2 2 5 1 209 1034 91
1855 2 2 5 1 88 1036 230
1856 2 2 5 1 103 1033 208
1857 2 2 5 1 92 1037 209
1858 2 2 5 1 156 1039 228
1859 2 2 5 1 148 1040 231
1860 2 2 5 1 227 1035 106
1861 2 2 5 1 231 1038 147
1862 2 2 5 1 84 1041 216
1863 2 2 5 1 96 1045 226
1864 2 2 5 1 118 1042 215
1865 2 2 5 1 166 1046 221
1866 2 2 5 1 214 1044 159
1867 2 2 5 1 152 1043 213
1868 2 2 5 1 112 1055 210
1869 2 2 5 1 139 1050 225
1870 2 2 5 1 65 1047 212
1871 2 2 5 1 185 1053 223
1872 2 2 5 1 236 1048 68
1873 2 2 5 1 135 1051 233
1874 2 2 5 1 181 1049 235
1875 2 2 5 1 232 1052 99
1876 2 2 5 1 90 1034 252
1877 2 2 5 1 252 1036 89
1878 2 2 5 1 250 1033 104
1879 2 2 5 1 105 1035 250
1880 2 2 5 1 249 1037 93
1881 2 2 5 1 251 1041 85
1882 2 2 5 1 146 1038 259
1883 2 2 5 1 262 1039 157
1884 2 2 5 1 265 1040 149
1885 2 2 5 1 256 1042 119
1886 2 2 5 1 158 1044 262
1887 2 2 5 1 253 1043 153
1888 2 2 5 1 268 1045 97
1889 2 2 5 1 260 1046 167
1890 2 2 5 1 263 1047 66
1891 2 2 5 1 267 1051 136
1892 2 2 5 1 67 1048 263
1893 2 2 5 1 261 1049 182
1894 2 2 5 1 98 1052 268
1895 2 2 5 1 257 1050 140
1896 2 2 5 1 237 1056 114
1897 2 2 5 1 239 1054 187
1898 2 2 5 1 91 1034 90
1899 2 2 5 1 89 1036 88
1900 2 2 5 1 104 1033 103
1901 2 2 5 1 157 1039 156
1902 2 2 5 1 149 1040 148
1903 2 2 5 1 106 1035 105
1904 2 2 5 1 93 1037 92
1905 2 2 5 1 85 1041 84
1906 2 2 5 1 147 1038 146
1907 2 2 5 1 119 1042 118
1908 2 2 5 1 97 1045 96
1909 2 2 5 1 159 1044 158
1910 2 2 5 1 153 1043 152
1911 2 2 5 1 167 1046 166
1912 2 2 5 1 113 1055 112
1913 2 2 5 1 66 1047 65
1914 2 2 5 1 68 1048 67
1915 2 2 5 1 136 1051 135
1916 2 2 5 1 182 1049 181
1917 2 2 5 1 140 1050 139
1918 2 2 5 1 186 1053 185
1919 2 2 5 1 99 1052 98
1920 2 2 5 1 114 1056 113
1921 2 2 5 1 187 1054 186
1922 2 2 5 1 463 1096 462
1923 2 2 5 1 173 1057 224
1924 2 2 5 1 174 1057 173
1925 2 2 5 1 646 1058 644
1926 2 2 5 1 1175 1183 1046
1927 2 2 5 1 264 1213 1012
1928 2 2 5 1 481 1061 1011
1929 2 2 5 1 1003 1147 687
1930 2 2 5 1 1007 1122 978
1931 2 2 5 1 658 1068 657
1932 2 2 5 1 753 1230 1211
1933 2 2 5 1 1076 1113 758
1934 2 2 5 1 644 1058 651
1935 2 2 5 1 374 1100 523
1936 2 2 5 1 516 1100 376
1937 2 2 5 1 1093 1115 676
1938 2 2 5 1 981 1101 980
1939 2 2 5 1 735 1221 200
1940 2 2 5 1 607 1104 730
1941 2 2 5 1 457 1106 455
1942 2 2 5 1 987 1104 838
1943 2 2 5 1 1168 1243 856
1944 2 2 5 1 734 1068 658
1945 2 2 5 1 195 1112 732
1946 2 2 5 1 832 1109 816
1947 2 2 5 1 817 1109 963
1948 2 2 5 1 207 1110 742
1949 2 2 5 1 942 1108 581
1950 2 2 5 1 128 1064 127
1951 2 2 5 1 769 1167 470
1952 2 2 5 1 1044 1233 965
1953 2 2 5 1 230 1065 87
1954 2 2 5 1 86 1065 251
1955 2 2 5 1 766 1139 680
1956 2 2 5 1 1000 1059 582
1957 2 2 5 1 806 1114 849
1958 2 2 5 1 519 1247 752
1959 2 2 5 1 660 1091 734
1960 2 2 5 1 63 1060 190
1961 2 2 5 1 115 1072 237
1962 2 2 5 1 249 1205 1027
1963 2 2 5 1 216 1074 83
1964 2 2 5 1 82 1074 255
1965 2 2 5 1 910 1117 940
1966 2 2 5 1 574 1118 580
1967 2 2 5 1 857 1061 859
1968 2 2 5 1 1073 1208 642
1969 2 2 5 1 213 1075 151
1970 2 2 5 1 150 1075 265
1971 2 2 5 1 886 1121 883
1972 2 2 5 1 213 1122 1007
1973 2 2 5 1 600 1062 973
1974 2 2 5 1 215 1077 117
1975 2 2 5 1 850 1209 1138
1976 2 2 5 1 74 1078 73
1977 2 2 5 1 222 1079 177
1978 2 2 5 1 176 1079 258
1979 2 2 5 1 1011 1061 857
1980 2 2 5 1 944 1063 491
1981 2 2 5 1 1119 1187 684
1982 2 2 5 1 241 1064 128
1983 2 2 5 1 738 1125 1049
1984 2 2 5 1 610 1124 583
1985 2 2 5 1 2 1082 189
1986 2 2 5 1 75 1083 234
1987 2 2 5 1 266 1083 76
1988 2 2 5 1 733 1190 667
1989 2 2 5 1 759 1126 433
1990 2 2 5 1 179 1085 178
1991 2 2 5 1 749 1128 586
1992 2 2 5 1 87 1065 86
1993 2 2 5 1 772 1066 290
1994 2 2 5 1 1199 1219 1188
1995 2 2 5 1 597 1067 983
1996 2 2 5 1 232 1200 887
1997 2 2 5 1 134 1088 133
1998 2 2 5 1 486 1073 913
1999 2 2 5 1 198 1150 729
2000 2 2 5 1 260 1175 1046
2001 2 2 5 1 214 1233 1044
2002 2 2 5 1 1016 1207 827
2003 2 2 5 1 681 1093 674
2004 2 2 5 1 341 1069 339
2005 2 2 5 1 768 1134 769
2006 2 2 5 1 747 1134 570
2007 2 2 5 1 382 1070 380
2008 2 2 5 1 1007 1075 213
2009 2 2 5 1 514 1139 347
2010 2 2 5 1 345 1139 766
2011 2 2 5 1 144 1092 219
2012 2 2 5 1 259 1092 145
2013 2 2 5 1 771 1131 989
2014 2 2 5 1 808 1138 811
2015 2 2 5 1 850 1138 807
2016 2 2 5 1 116 1072 115
2017 2 2 5 1 885 1140 929
2018 2 2 5 1 415 1141 413
2019 2 2 5 1 504 1144 900
2020 2 2 5 1 739 1144 922
2021 2 2 5 1 884 1145 886
2022 2 2 5 1 728 1137 697
2023 2 2 5 1 83 1074 82
2024 2 2 5 1 740 1137 323
2025 2 2 5 1 80 1094 79
2026 2 2 5 1 760 1147 398
2027 2 2 5 1 1130 1152 250
2028 2 2 5 1 151 1075 150
2029 2 2 5 1 239 1242 1054
2030 2 2 5 1 996 1151 617
2031 2 2 5 1 113 1056 1055
2032 2 2 5 1 186 1054 1053
2033 2 2 5 1 746 1080 652
2034 2 2 5 1 513 1195 746
2035 2 2 5 1 302 1154 525
2036 2 2 5 1 730 1078 606
2037 2 2 5 1 591 1156 887
2038 2 2 5 1 890 1107 229
2039 2 2 5 1 417 1160 536
2040 2 2 5 1 751 1206 593
2041 2 2 5 1 71 1099 70
2042 2 2 5 1 593 1150 592
2043 2 2 5 1 228 1102 155
2044 2 2 5 1 154 1102 253
2045 2 2 5 1 117 1077 116
2046 2 2 5 1 229 1107 121
2047 2 2 5 1 120 1107 256
2048 2 2 5 1 1070 1089 380
2049 2 2 5 1 234 1078 74
2050 2 2 5 1 656 1228 202
2051 2 2 5 1 948 1173 798
2052 2 2 5 1 796 1173 799
2053 2 2 5 1 228 1207 1016
2054 2 2 5 1 652 1080 654
2055 2 2 5 1 142 1111 141
2056 2 2 5 1 238 1168 858
2057 2 2 5 1 628 1125 587
2058 2 2 5 1 595 1177 615
2059 2 2 5 1 324 1244 323
2060 2 2 5 1 177 1079 176
2061 2 2 5 1 604 1240 622
2062 2 2 5 1 161 1098 160
2063 2 2 5 1 428 1236 763
2064 2 2 5 1 761 1216 387
2065 2 2 5 1 892 1233 947
2066 2 2 5 1 439 1195 513
2067 2 2 5 1 727 1193 952
2068 2 2 5 1 918 1196 826
2069 2 2 5 1 306 1197 304
2070 2 2 5 1 455 1208 453
2071 2 2 5 1 754 1119 524
2072 2 2 5 1 235 1120 180
2073 2 2 5 1 212 1082 2
2074 2 2 5 1 76 1083 75
2075 2 2 5 1 514 1186 1139
2076 2 2 5 1 680 1115 766
2077 2 2 5 1 856 1243 224
2078 2 2 5 1 713 1084 714
2079 2 2 5 1 178 1085 222
2080 2 2 5 1 715 1241 198
2081 2 2 5 1 777 1086 390
2082 2 2 5 1 1035 1130 250
2083 2 2 5 1 800 1215 802
2084 2 2 5 1 874 1155 1005
2085 2 2 5 1 770 1087 327
2086 2 2 5 1 1005 1155 227
2087 2 2 5 1 995 1201 996
2088 2 2 5 1 1099 1180 70
2089 2 2 5 1 601 1214 599
2090 2 2 5 1 179 1120 1085
2091 2 2 5 1 233 1088 134
2092 2 2 5 1 831 1203 832
2093 2 2 5 1 1018 1145 972
2094 2 2 5 1 211 1145 1018
2095 2 2 5 1 742 1176 743
2096 2 2 5 1 499 1198 762
2097 2 2 5 1 380 1089 378
2098 2 2 5 1 999 1189 225
2099 2 2 5 1 732 1235 656
2100 2 2 5 1 126 1129 211
2101 2 2 5 1 753 1211 627
2102 2 2 5 1 691 1149 689
2103 2 2 5 1 1152 1153 1033
2104 2 2 5 1 585 1112 748
2105 2 2 5 1 525 1154 1023
2106 2 2 5 1 1016 1102 228
2107 2 2 5 1 1064 1121 886
2108 2 2 5 1 666 1113 1076
2109 2 2 5 1 642 1106 640
2110 2 2 5 1 1106 1223 640
2111 2 2 5 1 132 1136 220
2112 2 2 5 1 676 1115 677
2113 2 2 5 1 80 1161 1094
2114 2 2 5 1 731 1097 196
2115 2 2 5 1 589 1090 573
2116 2 2 5 1 758 1113 537
2117 2 2 5 1 258 1142 175
2118 2 2 5 1 744 1231 223
2119 2 2 5 1 261 1231 744
2120 2 2 5 1 218 1143 78
2121 2 2 5 1 77 1143 266
2122 2 2 5 1 626 1172 1008
2123 2 2 5 1 586 1112 585
2124 2 2 5 1 421 1091 419
2125 2 2 5 1 1005 1225 979
2126 2 2 5 1 776 1126 647
2127 2 2 5 1 945 1175 1014
2128 2 2 5 1 1014 1175 260
2129 2 2 5 1 674 1093 676
2130 2 2 5 1 1148 1157 756
2131 2 2 5 1 145 1092 144
2132 2 2 5 1 1088 1136 133
2133 2 2 5 1 627 1228 602
2134 2 2 5 1 1188 1219 659
2135 2 2 5 1 660 1160 1091
2136 2 2 5 1 677 1115 680
2137 2 2 5 1 1072 1077 941
2138 2 2 5 1 116 1077 1072
2139 2 2 5 1 1156 1227 1052
2140 2 2 5 1 1116 1237 521
2141 2 2 5 1 211 1159 125
2142 2 2 5 1 124 1159 264
2143 2 2 5 1 255 1161 81
2144 2 2 5 1 1009 1198 499
2145 2 2 5 1 1027 1205 226
2146 2 2 5 1 238 1162 169
2147 2 2 5 1 168 1162 260
2148 2 2 5 1 609 1225 1015
2149 2 2 5 1 1015 1225 254
2150 2 2 5 1 1097 1184 710
2151 2 2 5 1 650 1116 649
2152 2 2 5 1 79 1094 218
2153 2 2 5 1 170 1168 238
2154 2 2 5 1 621 1213 1018
2155 2 2 5 1 164 1169 163
2156 2 2 5 1 131 1170 130
2157 2 2 5 1 107 1174 227
2158 2 2 5 1 254 1174 108
2159 2 2 5 1 1103 1217 193
2160 2 2 5 1 53 1191 1110
2161 2 2 5 1 188 1179 239
2162 2 2 5 1 959 1095 960
2163 2 2 5 1 69 1180 236
2164 2 2 5 1 1105 1150 198
2165 2 2 5 1 693 1239 1103
2166 2 2 5 1 225 1189 138
2167 2 2 5 1 137 1189 267
2168 2 2 5 1 466 1096 463
2169 2 2 5 1 72 1245 217
2170 2 2 5 1 224 1243 172
2171 2 2 5 1 1010 1176 499
2172 2 2 5 1 101 1200 100
2173 2 2 5 1 223 1231 184
2174 2 2 5 1 183 1231 261
2175 2 2 5 1 226 1205 95
2176 2 2 5 1 94 1205 249
2177 2 2 5 1 143 1209 142
2178 2 2 5 1 1085 1120 630
2179 2 2 5 1 160 1098 214
2180 2 2 5 1 462 1223 1106
2181 2 2 5 1 387 1216 1071
2182 2 2 5 1 1064 1129 127
2183 2 2 5 1 716 1241 715
2184 2 2 5 1 1082 1179 189
2185 2 2 5 1 971 1192 253
2186 2 2 5 1 486 1208 1073
2187 2 2 5 1 237 1117 1056
2188 2 2 5 1 647 1126 646
2189 2 2 5 1 227 1174 1005
2190 2 2 5 1 947 1098 948
2191 2 2 5 1 250 1152 1033
2192 2 2 5 1 1082 1151 996
2193 2 2 5 1 260 1162 1014
2194 2 2 5 1 217 1099 71
2195 2 2 5 1 376 1100 374
2196 2 2 5 1 1113 1148 537
2197 2 2 5 1 1018 1159 211
2198 2 2 5 1 155 1102 154
2199 2 2 5 1 980 1101 977
2200 2 2 5 1 1004 1200 101
2201 2 2 5 1 1013 1169 164
2202 2 2 5 1 1042 1108 215
2203 2 2 5 1 1062 1181 973
2204 2 2 5 1 639 1103 641
2205 2 2 5 1 592 1105 594
2206 2 2 5 1 838 1104 607
2207 2 2 5 1 462 1106 457
2208 2 2 5 1 121 1107 120
2209 2 2 5 1 601 1136 1088
2210 2 2 5 1 886 1129 1064
2211 2 2 5 1 667 1157 1148
2212 2 2 5 1 988 1180 1099
2213 2 2 5 1 1078 1245 73
2214 2 2 5 1 323 1137 764
2215 2 2 5 1 589 1194 1090
2216 2 2 5 1 716 1229 1105
2217 2 2 5 1 1105 1229 594
2218 2 2 5 1 499 1176 1009
2219 2 2 5 1 1094 1161 832
2220 2 2 5 1 581 1108 727
2221 2 2 5 1 816 1109 817
2222 2 2 5 1 54 1110 207
2223 2 2 5 1 1078 1240 606
2224 2 2 5 1 232 1156 1052
2225 2 2 5 1 141 1111 257
2226 2 2 5 1 174 1142 1057
2227 2 2 5 1 212 1163 1151
2228 2 2 5 1 509 1135 754
2229 2 2 5 1 1088 1214 601
2230 2 2 5 1 665 1113 666
2231 2 2 5 1 747 1132 206
2232 2 2 5 1 234 1240 1078
2233 2 2 5 1 223 1164 745
2234 2 2 5 1 976 1114 806
2235 2 2 5 1 965 1196 1044
2236 2 2 5 1 942 1234 1108
2237 2 2 5 1 222 1172 1079
2238 2 2 5 1 1138 1209 219
2239 2 2 5 1 996 1179 1082
2240 2 2 5 1 763 1116 521
2241 2 2 5 1 968 1117 910
2242 2 2 5 1 1211 1230 707
2243 2 2 5 1 576 1118 574
2244 2 2 5 1 1080 1195 441
2245 2 2 5 1 832 1203 1094
2246 2 2 5 1 1123 1220 608
2247 2 2 5 1 730 1245 1078
2248 2 2 5 1 180 1120 179
2249 2 2 5 1 887 1200 1004
2250 2 2 5 1 858 1158 238
2251 2 2 5 1 1091 1160 419
2252 2 2 5 1 883 1121 885
2253 2 2 5 1 1101 1133 977
2254 2 2 5 1 1023 1154 722
2255 2 2 5 1 619 1132 747
2256 2 2 5 1 587 1125 738
2257 2 2 5 1 978 1122 937
2258 2 2 5 1 1124 1210 596
2259 2 2 5 1 750 1186 514
2260 2 2 5 1 1087 1244 327
2261 2 2 5 1 537 1148 756
2262 2 2 5 1 1043 1122 213
2263 2 2 5 1 26 1123 27
2264 2 2 5 1 998 1181 267
2265 2 2 5 1 1080 1198 654
2266 2 2 5 1 1117 1238 940
2267 2 2 5 1 610 1204 1034
2268 2 2 5 1 523 1230 753
2269 2 2 5 1 1044 1196 262
2270 2 2 5 1 583 1124 596
2271 2 2 5 1 665 1148 1113
2272 2 2 5 1 679 1127 678
2273 2 2 5 1 976 1202 1114
2274 2 2 5 1 241 1121 1064
2275 2 2 5 1 799 1169 1013
2276 2 2 5 1 1079 1172 625
2277 2 2 5 1 252 1133 1036
2278 2 2 5 1 433 1126 776
2279 2 2 5 1 602 1128 749
2280 2 2 5 1 411 1185 509
2281 2 2 5 1 127 1129 126
2282 2 2 5 1 634 1167 635
2283 2 2 5 1 252 1204 1133
2284 2 2 5 1 875 1130 873
2285 2 2 5 1 958 1226 1048
2286 2 2 5 1 696 1146 728
2287 2 2 5 1 1160 1219 536
2288 2 2 5 1 1071 1166 709
2289 2 2 5 1 129 1171 241
2290 2 2 5 1 130 1171 129
2291 2 2 5 1 206 1132 61
2292 2 2 5 1 989 1131 598
2293 2 2 5 1 977 1133 611
2294 2 2 5 1 1073 1239 701
2295 2 2 5 1 1053 1164 223
2296 2 2 5 1 625 1172 626
2297 2 2 5 1 859 1158 858
2298 2 2 5 1 967 1227 1156
2299 2 2 5 1 1030 1119 684
2300 2 2 5 1 570 1134 768
2301 2 2 5 1 639 1217 1103
2302 2 2 5 1 133 1136 132
2303 2 2 5 1 1047 1178 1163
2304 2 2 5 1 697 1137 740
2305 2 2 5 1 807 1138 808
2306 2 2 5 1 347 1139 345
2307 2 2 5 1 875 1152 1130
2308 2 2 5 1 212 1151 1082
2309 2 2 5 1 225 1202 1021
2310 2 2 5 1 929 1140 986
2311 2 2 5 1 687 1232 1028
2312 2 2 5 1 198 1241 1105
2313 2 2 5 1 536 1141 415
2314 2 2 5 1 413 1185 411
2315 2 2 5 1 175 1142 174
2316 2 2 5 1 1047 1163 212
2317 2 2 5 1 940 1238 941
2318 2 2 5 1 78 1143 77
2319 2 2 5 1 1130 1155 873
2320 2 2 5 1 922 1144 504
2321 2 2 5 1 972 1145 884
2322 2 2 5 1 1029 1232 670
2323 2 2 5 1 267 1181 1051
2324 2 2 5 1 689 1149 692
2325 2 2 5 1 667 1148 665
2326 2 2 5 1 1139 1186 680
2327 2 2 5 1 1212 1247 675
2328 2 2 5 1 1050 1202 225
2329 2 2 5 1 617 1151 616
2330 2 2 5 1 970 1152 875
2331 2 2 5 1 1107 1193 256
2332 2 2 5 1 579 1224 1087
2333 2 2 5 1 970 1153 1152
2334 2 2 5 1 937 1192 971
2335 2 2 5 1 1046 1183 221
2336 2 2 5 1 226 1194 1026
2337 2 2 5 1 1118 1182 580
2338 2 2 5 1 615 1153 970
2339 2 2 5 1 1025 1167 634
2340 2 2 5 1 1049 1125 235
2341 2 2 5 1 304 1154 302
2342 2 2 5 1 1045 1194 226
2343 2 2 5 1 398 1147 1003
2344 2 2 5 1 200 1221 713
2345 2 2 5 1 946 1158 859
2346 2 2 5 1 873 1155 874
2347 2 2 5 1 941 1234 942
2348 2 2 5 1 1151 1163 616
2349 2 2 5 1 967 1156 591
2350 2 2 5 1 756 1157 520
2351 2 2 5 1 125 1159 124
2352 2 2 5 1 419 1160 417
2353 2 2 5 1 81 1161 80
2354 2 2 5 1 1133 1204 611
2355 2 2 5 1 169 1162 168
2356 2 2 5 1 760 1222 1147
2357 2 2 5 1 618 1178 957
2358 2 2 5 1 616 1163 618
2359 2 2 5 1 709 1166 704
2360 2 2 5 1 685 1165 687
2361 2 2 5 1 470 1167 1025
2362 2 2 5 1 171 1168 170
2363 2 2 5 1 717 1229 716
2364 2 2 5 1 163 1169 240
2365 2 2 5 1 661 1206 662
2366 2 2 5 1 220 1170 131
2367 2 2 5 1 798 1173 796
2368 2 2 5 1 108 1174 107
2369 2 2 5 1 1108 1234 215
2370 2 2 5 1 974 1175 945
2371 2 2 5 1 189 1179 188
2372 2 2 5 1 974 1183 1175
2373 2 2 5 1 70 1180 69
2374 2 2 5 1 973 1181 998
2375 2 2 5 1 641 1239 1073
2376 2 2 5 1 655 1191 653
2377 2 2 5 1 802 1183 974
2378 2 2 5 1 1033 1153 208
2379 2 2 5 1 728 1146 1076
2380 2 2 5 1 1086 1216 761
2381 2 2 5 1 1128 1235 586
2382 2 2 5 1 578 1184 577
2383 2 2 5 1 680 1186 679
2384 2 2 5 1 218 1203 1032
2385 2 2 5 1 599 1214 1062
2386 2 2 5 1 941 1238 1072
2387 2 2 5 1 138 1189 137
2388 2 2 5 1 1004 1177 595
2389 2 2 5 1 1096 1223 462
2390 2 2 5 1 1026 1194 589
2391 2 2 5 1 952 1193 890
2392 2 2 5 1 1043 1192 1122
2393 2 2 5 1 1178 1226 957
2394 2 2 5 1 441 1195 439
2395 2 2 5 1 826 1196 965
2396 2 2 5 1 1090 1227 967
2397 2 2 5 1 743 1176 1010
2398 2 2 5 1 520 1197 306
2399 2 2 5 1 957 1226 958
2400 2 2 5 1 1076 1146 666
2401 2 2 5 1 100 1200 232
2402 2 2 5 1 596 1210 1067
2403 2 2 5 1 1021 1202 976
2404 2 2 5 1 1163 1178 618
2405 2 2 5 1 95 1205 94
2406 2 2 5 1 611 1204 610
2407 2 2 5 1 827 1207 918
2408 2 2 5 1 453 1208 486
2409 2 2 5 1 219 1209 143
2410 2 2 5 1 659 1219 660
2411 2 2 5 1 623 1201 995
2412 2 2 5 1 620 1213 621
2413 2 2 5 1 594 1229 1066
2414 2 2 5 1 890 1193 1107
2415 2 2 5 1 648 1218 650
2416 2 2 5 1 637 1217 639
2417 2 2 5 1 608 1220 603
2418 2 2 5 1 623 1242 1201
2419 2 2 5 1 640 1223 638
2420 2 2 5 1 707 1230 708
2421 2 2 5 1 263 1226 1178
2422 2 2 5 1 979 1225 609
2423 2 2 5 1 918 1207 1039
2424 2 2 5 1 675 1247 681
2425 2 2 5 1 746 1195 1080
2426 2 2 5 1 237 1238 1117
2427 2 2 5 1 184 1231 183
2428 2 2 5 1 965 1233 892
2429 2 2 5 1 776 1236 428
2430 2 2 5 1 606 1240 604
2431 2 2 5 1 624 1242 623
2432 2 2 5 1 327 1244 324
2433 2 2 5 1 172 1243 171
2434 2 2 5 1 73 1245 72
2435 2 2 5 1 25 1246 243
2436 2 2 5 1 249 1210 1037
2437 2 2 5 1 1039 1207 228
2438 2 2 5 1 1077 1234 941
2439 2 2 5 1 1087 1224 698
2440 2 2 5 1 263 1178 1047
2441 2 2 5 1 1165 1232 687
2442 2 2 5 1 1034 1204 252
2443 2 2 5 1 1028 1232 1029
2444 2 2 5 1 171 1243 1168
2445 2 2 5 1 654 1198 1009
2446 2 2 5 1 1055 1182 210
2447 2 2 5 1 1128 1228 656
2448 2 2 5 1 1122 1192 937
2449 2 2 5 1 1067 1210 249
2450 2 2 5 1 1013 1215 800
2451 2 2 5 1 754 1135 1119
2452 2 2 5 1 1127 1220 243
2453 2 2 5 1 253 1192 1043
2454 2 2 5 1 592 1150 1105
2455 2 2 5 1 509 1185 1149
2456 2 2 5 1 734 1237 1068
2457 2 2 5 1 241 1171 1140
2458 2 2 5 1 1062 1214 233
2459 2 2 5 1 1032 1203 831
2460 2 2 5 1 686 1222 1030
2461 2 2 5 1 536 1219 1199
2462 2 2 5 1 1066 1229 717
2463 2 2 5 1 1048 1226 263
2464 2 2 5 1 1052 1227 268
2465 2 2 5 1 215 1234 1077
2466 2 2 5 1 1072 1238 237
2467 2 2 5 1 691 1187 1135
2468 2 2 5 1 672 1216 1086
2469 2 2 5 1 1068 1237 650
2470 2 2 5 1 210 1182 1118
2471 2 2 5 1 577 1184 1097
2472 2 2 5 1 1071 1216 672
2473 2 2 5 1 713 1221 1131
2474 2 2 5 1 243 1246 1127
2475 2 2 5 1 1127 1246 678
2476 2 2 5 1 1110 1191 655
2477 2 2 5 1 1094 1203 218
2478 2 2 5 1 660 1219 1160
2479 2 2 5 1 233 1214 1088
2480 2 2 5 1 268 1227 1090
2481 2 2 5 1 638 1223 1096
2482 2 2 5 1 1140 1171 986
2483 2 2 5 1 667 1190 1157
2484 2 2 5 1 1105 1241 716
2485 2 2 5 1 536 1199 1141
2486 2 2 5 1 1147 1222 686
2487 2 2 5 1 1149 1185 692
2488 2 2 5 1 1103 1239 641
2489 2 2 5 1 650 1237 1116
2490 2 2 5 1 656 1235 1128
2491 2 2 5 1 1131 1221 598
2492 2 2 5 1 602 1228 1128
2493 2 2 5 1 670 1232 1165
2494 2 2 5 1 690 1199 1188
$EndElements
